"country","year","fossil_share_energy","fossil_energy_per_capita","energy_per_capita","region","iso","inv_dummy","bri_dummy"
"Algeria",2005,99.592,11000.958,11046.017,"Middle East & North Africa","DZA",1,0
"Algeria",2006,99.847,11254.16,11271.449,"Middle East & North Africa","DZA",1,0
"Algeria",2007,99.85,11677.965,11695.535,"Middle East & North Africa","DZA",1,0
"Algeria",2008,99.824,12172.469,12193.979,"Middle East & North Africa","DZA",1,0
"Algeria",2009,99.8,12676.306,12701.699,"Middle East & North Africa","DZA",1,0
"Algeria",2010,99.891,12144.613,12157.811,"Middle East & North Africa","DZA",1,0
"Algeria",2011,99.779,12640.023,12668.024,"Middle East & North Africa","DZA",1,0
"Algeria",2012,99.789,13549.443,13578.086,"Middle East & North Africa","DZA",1,0
"Algeria",2013,99.939,14069.992,14078.557,"Middle East & North Africa","DZA",1,0
"Algeria",2014,99.89,15027.377,15043.984,"Middle East & North Africa","DZA",1,0
"Algeria",2015,99.909,15528.614,15542.75,"Middle East & North Africa","DZA",1,0
"Algeria",2016,99.863,15190.104,15210.944,"Middle East & North Africa","DZA",1,0
"Algeria",2017,99.768,15029.705,15064.678,"Middle East & North Africa","DZA",1,0
"Algeria",2018,99.73,15872.332,15915.297,"Middle East & North Africa","DZA",1,0
"Algeria",2019,99.727,16331.441,16376.102,"Middle East & North Africa","DZA",1,1
"Argentina",2005,83.634,16741.805,20017.886,"Latin America & Caribbean","ARG",0,0
"Argentina",2006,82.687,17215.31,20819.765,"Latin America & Caribbean","ARG",0,0
"Argentina",2007,85.497,18401.417,21522.762,"Latin America & Caribbean","ARG",0,0
"Argentina",2008,85.921,18621.733,21673.035,"Latin America & Caribbean","ARG",0,0
"Argentina",2009,84.377,17755.558,21043.171,"Latin America & Caribbean","ARG",0,0
"Argentina",2010,84.852,18599.382,21919.694,"Latin America & Caribbean","ARG",1,0
"Argentina",2011,85.348,18871.5,22111.154,"Latin America & Caribbean","ARG",1,0
"Argentina",2012,86.203,19399.898,22504.785,"Latin America & Caribbean","ARG",1,0
"Argentina",2013,85.737,19893.03,23202.432,"Latin America & Caribbean","ARG",1,0
"Argentina",2014,85.668,19572.09,22846.498,"Latin America & Caribbean","ARG",1,0
"Argentina",2015,85.299,19724.453,23123.79,"Latin America & Caribbean","ARG",1,0
"Argentina",2016,85.934,19620.823,22832.315,"Latin America & Caribbean","ARG",1,0
"Argentina",2017,85.326,19241.662,22550.74,"Latin America & Caribbean","ARG",1,0
"Argentina",2018,84.901,18824.28,22172.06,"Latin America & Caribbean","ARG",1,0
"Argentina",2019,84.271,18101.027,21479.671,"Latin America & Caribbean","ARG",1,0
"Australia",2005,96.029,66883.04,69648.968,"East Asia & Pacific","AUS",0,0
"Australia",2006,96.146,69810.908,72609.558,"East Asia & Pacific","AUS",0,0
"Australia",2007,96.19,69414.543,72163.779,"East Asia & Pacific","AUS",1,0
"Australia",2008,96.148,69152.966,71923.196,"East Asia & Pacific","AUS",1,0
"Australia",2009,95.689,66926.746,69941.698,"East Asia & Pacific","AUS",1,0
"Australia",2010,94.963,65456.527,68928.146,"East Asia & Pacific","AUS",1,0
"Australia",2011,93.707,65785.054,70203.291,"East Asia & Pacific","AUS",1,0
"Australia",2012,93.859,64049.86,68240.28,"East Asia & Pacific","AUS",1,0
"Australia",2013,93.14,63069.761,67715.146,"East Asia & Pacific","AUS",1,0
"Australia",2014,93.756,63471.012,67697.824,"East Asia & Pacific","AUS",1,0
"Australia",2015,93.496,63343.515,67749.728,"East Asia & Pacific","AUS",1,0
"Australia",2016,92.793,62495.921,67349.654,"East Asia & Pacific","AUS",1,0
"Australia",2017,93.115,61766.639,66333.931,"East Asia & Pacific","AUS",1,0
"Australia",2018,91.647,61306.165,66894.015,"East Asia & Pacific","AUS",1,0
"Australia",2019,91.433,64591.979,70644.033,"East Asia & Pacific","AUS",1,0
"Austria",2005,73.453,37183.145,50621.48,"Europe & Central Asia","AUT",0,0
"Austria",2006,72.863,36331.115,49861.92,"Europe & Central Asia","AUT",0,0
"Austria",2007,70.595,34262.437,48534.016,"Europe & Central Asia","AUT",0,0
"Austria",2008,70.169,34617.396,49334.423,"Europe & Central Asia","AUT",0,0
"Austria",2009,67.33,31975.679,47491.043,"Europe & Central Asia","AUT",0,0
"Austria",2010,70.016,34226.142,48883.574,"Europe & Central Asia","AUT",0,0
"Austria",2011,70.927,32298.709,45537.713,"Europe & Central Asia","AUT",0,0
"Austria",2012,65.858,31279.494,47495.221,"Europe & Central Asia","AUT",0,0
"Austria",2013,66.523,31191.741,46888.618,"Europe & Central Asia","AUT",0,0
"Austria",2014,65.229,29111.543,44630.048,"Europe & Central Asia","AUT",0,0
"Austria",2015,66.893,29680.396,44369.911,"Europe & Central Asia","AUT",0,0
"Austria",2016,66.232,30123.026,45481.414,"Europe & Central Asia","AUT",0,0
"Austria",2017,67.29,31076.874,46183.623,"Europe & Central Asia","AUT",0,0
"Austria",2018,67.434,30281.529,44905.628,"Europe & Central Asia","AUT",0,0
"Austria",2019,66.298,30844.347,46523.958,"Europe & Central Asia","AUT",0,0
"Azerbaijan",2005,95.128,18511.33,19459.323,"Europe & Central Asia","AZE",0,0
"Azerbaijan",2006,95.883,18165.256,18945.153,"Europe & Central Asia","AZE",0,0
"Azerbaijan",2007,95.754,16233.425,16953.207,"Europe & Central Asia","AZE",1,0
"Azerbaijan",2008,96.055,16259.868,16927.736,"Europe & Central Asia","AZE",1,0
"Azerbaijan",2009,95.406,14105.178,14784.414,"Europe & Central Asia","AZE",1,0
"Azerbaijan",2010,93.094,13413.397,14408.422,"Europe & Central Asia","AZE",1,0
"Azerbaijan",2011,95.21,15071.103,15829.275,"Europe & Central Asia","AZE",1,0
"Azerbaijan",2012,96.855,15592.853,16099.108,"Europe & Central Asia","AZE",1,0
"Azerbaijan",2013,97.399,15915.822,16340.765,"Europe & Central Asia","AZE",1,0
"Azerbaijan",2014,97.735,16080.396,16453.03,"Europe & Central Asia","AZE",1,0
"Azerbaijan",2015,97.429,17313.041,17769.834,"Europe & Central Asia","AZE",1,0
"Azerbaijan",2016,96.875,16850.443,17394.072,"Europe & Central Asia","AZE",1,0
"Azerbaijan",2017,97.155,16394.375,16874.53,"Europe & Central Asia","AZE",1,0
"Azerbaijan",2018,97.135,16688.343,17180.551,"Europe & Central Asia","AZE",1,0
"Azerbaijan",2019,97.52,17678.026,18127.566,"Europe & Central Asia","AZE",1,0
"Bangladesh",2005,98.933,1349.324,1363.88,"South Asia","BGD",0,0
"Bangladesh",2006,99.016,1443.651,1457.99,"South Asia","BGD",0,0
"Bangladesh",2007,99.041,1459.938,1474.081,"South Asia","BGD",0,0
"Bangladesh",2008,98.851,1524.095,1541.805,"South Asia","BGD",0,0
"Bangladesh",2009,99.519,1668.076,1676.133,"South Asia","BGD",0,0
"Bangladesh",2010,99.187,1683.037,1696.825,"South Asia","BGD",1,0
"Bangladesh",2011,99.106,1806.621,1822.913,"South Asia","BGD",1,0
"Bangladesh",2012,99.225,1914.219,1929.179,"South Asia","BGD",1,0
"Bangladesh",2013,99.26,1950.469,1965.017,"South Asia","BGD",1,0
"Bangladesh",2014,99.395,2012.905,2025.167,"South Asia","BGD",1,0
"Bangladesh",2015,99.238,2337.381,2355.331,"South Asia","BGD",1,0
"Bangladesh",2016,99.252,2343.821,2361.492,"South Asia","BGD",1,1
"Bangladesh",2017,99.149,2401.766,2422.379,"South Asia","BGD",1,1
"Bangladesh",2018,99.29,2532.904,2551.016,"South Asia","BGD",1,1
"Bangladesh",2019,99.363,2976.296,2995.38,"South Asia","BGD",1,1
"Belarus",2005,99.965,29946.854,29957.262,"Europe & Central Asia","BLR",0,0
"Belarus",2006,99.967,31960.549,31971.222,"Europe & Central Asia","BLR",0,0
"Belarus",2007,99.955,31324.92,31338.928,"Europe & Central Asia","BLR",0,0
"Belarus",2008,99.909,31773.268,31802.352,"Europe & Central Asia","BLR",1,0
"Belarus",2009,99.819,30158.907,30213.447,"Europe & Central Asia","BLR",1,0
"Belarus",2010,99.759,32043.506,32120.941,"Europe & Central Asia","BLR",1,0
"Belarus",2011,99.773,31887.737,31960.388,"Europe & Central Asia","BLR",1,0
"Belarus",2012,99.759,34443.769,34527.105,"Europe & Central Asia","BLR",1,0
"Belarus",2013,99.703,30335.703,30426.109,"Europe & Central Asia","BLR",1,0
"Belarus",2014,99.722,31299.252,31386.394,"Europe & Central Asia","BLR",1,0
"Belarus",2015,99.679,28407.2,28498.766,"Europe & Central Asia","BLR",1,0
"Belarus",2016,99.609,28214.674,28325.44,"Europe & Central Asia","BLR",1,0
"Belarus",2017,99.287,28686.645,28892.766,"Europe & Central Asia","BLR",1,0
"Belarus",2018,99.37,30612.706,30806.835,"Europe & Central Asia","BLR",1,0
"Belarus",2019,99.365,30883.951,31081.284,"Europe & Central Asia","BLR",1,0
"Belgium",2005,82.519,59836.219,72511.815,"Europe & Central Asia","BEL",0,0
"Belgium",2006,82.702,59687.017,72171.31,"Europe & Central Asia","BEL",0,0
"Belgium",2007,82.185,59232.996,72073.038,"Europe & Central Asia","BEL",0,0
"Belgium",2008,83.176,60519.668,72761.131,"Europe & Central Asia","BEL",0,0
"Belgium",2009,80.936,54608.643,67471.579,"Europe & Central Asia","BEL",0,0
"Belgium",2010,81.271,57960.807,71317.805,"Europe & Central Asia","BEL",0,0
"Belgium",2011,79.257,52325.257,66019.642,"Europe & Central Asia","BEL",0,0
"Belgium",2012,80.71,50880.625,63041.369,"Europe & Central Asia","BEL",1,0
"Belgium",2013,80.037,51434.049,64263.002,"Europe & Central Asia","BEL",1,0
"Belgium",2014,81.761,48667.753,59524.366,"Europe & Central Asia","BEL",1,0
"Belgium",2015,84.388,50650.192,60020.436,"Europe & Central Asia","BEL",1,0
"Belgium",2016,79.361,51012.182,64278.427,"Europe & Central Asia","BEL",1,0
"Belgium",2017,79.578,51438.699,64639.19,"Europe & Central Asia","BEL",1,0
"Belgium",2018,83.427,52245.359,62624.214,"Europe & Central Asia","BEL",1,0
"Belgium",2019,78.684,51382.511,65302.717,"Europe & Central Asia","BEL",1,0
"Brazil",2005,57.163,7556.786,13219.786,"Latin America & Caribbean","BRA",1,0
"Brazil",2006,56.907,7627.152,13402.931,"Latin America & Caribbean","BRA",1,0
"Brazil",2007,55.785,7852.38,14076.064,"Latin America & Caribbean","BRA",1,0
"Brazil",2008,56.665,8245.678,14551.581,"Latin America & Caribbean","BRA",1,0
"Brazil",2009,53.828,7695.322,14296.021,"Latin America & Caribbean","BRA",1,0
"Brazil",2010,55.891,8711.048,15585.781,"Latin America & Caribbean","BRA",1,0
"Brazil",2011,56.277,9088.141,16148.863,"Latin America & Caribbean","BRA",1,0
"Brazil",2012,58.099,9465.298,16291.789,"Latin America & Caribbean","BRA",1,0
"Brazil",2013,60.476,10136.376,16761.084,"Latin America & Caribbean","BRA",1,0
"Brazil",2014,61.466,10442.735,16989.477,"Latin America & Caribbean","BRA",1,0
"Brazil",2015,60.271,10016.564,16619.27,"Latin America & Caribbean","BRA",1,0
"Brazil",2016,57.328,9206.175,16058.664,"Latin America & Caribbean","BRA",1,0
"Brazil",2017,57.676,9299.423,16123.593,"Latin America & Caribbean","BRA",1,0
"Brazil",2018,55.054,8858.949,16091.379,"Latin America & Caribbean","BRA",1,0
"Brazil",2019,53.822,8786.423,16325.047,"Latin America & Caribbean","BRA",1,0
"Bulgaria",2005,73.755,22613.194,30659.726,"Europe & Central Asia","BGR",0,0
"Bulgaria",2006,73.701,23314.802,31634.214,"Europe & Central Asia","BGR",0,0
"Bulgaria",2007,80.049,24704.722,30862.095,"Europe & Central Asia","BGR",0,0
"Bulgaria",2008,78.504,24004.505,30577.501,"Europe & Central Asia","BGR",0,0
"Bulgaria",2009,75.315,20345.118,27013.459,"Europe & Central Asia","BGR",0,0
"Bulgaria",2010,73.787,20864.679,28276.951,"Europe & Central Asia","BGR",0,0
"Bulgaria",2011,76.418,23130.377,30268.183,"Europe & Central Asia","BGR",0,0
"Bulgaria",2012,73.919,21392.082,28939.917,"Europe & Central Asia","BGR",0,0
"Bulgaria",2013,71.829,19337.716,26922.036,"Europe & Central Asia","BGR",0,0
"Bulgaria",2014,71.056,20481.124,28824.115,"Europe & Central Asia","BGR",0,0
"Bulgaria",2015,71.761,22154.207,30872.252,"Europe & Central Asia","BGR",0,0
"Bulgaria",2016,71.763,21116.311,29425.26,"Europe & Central Asia","BGR",0,0
"Bulgaria",2017,73.917,22386.191,30285.743,"Europe & Central Asia","BGR",0,0
"Bulgaria",2018,69.674,21202.605,30430.953,"Europe & Central Asia","BGR",0,0
"Bulgaria",2019,70.059,20771.931,29649.22,"Europe & Central Asia","BGR",1,1
"Canada",2005,66.023,75415.643,114226.697,"North America","CAN",1,0
"Canada",2006,65.839,73384.536,111460.326,"North America","CAN",1,0
"Canada",2007,66.406,75704.982,114003.105,"North America","CAN",1,0
"Canada",2008,65.563,73541.814,112169.432,"North America","CAN",1,0
"Canada",2009,64.592,67714.408,104834.38,"North America","CAN",1,0
"Canada",2010,66.482,70338.846,105801.799,"North America","CAN",1,0
"Canada",2011,66.02,72237.65,109418.617,"North America","CAN",1,0
"Canada",2012,65.263,69917.476,107131.488,"North America","CAN",1,0
"Canada",2013,65.071,71087.591,109245.998,"North America","CAN",1,0
"Canada",2014,65.909,72032.509,109291.465,"North America","CAN",1,0
"Canada",2015,65.419,70583.538,107894.862,"North America","CAN",1,0
"Canada",2016,64.916,69072.841,106404.161,"North America","CAN",1,0
"Canada",2017,64.927,69276.878,106699.981,"North America","CAN",1,0
"Canada",2018,66.193,71165.323,107511.393,"North America","CAN",1,0
"Canada",2019,66.06,69719.613,105539.881,"North America","CAN",1,0
"Chile",2005,78.779,16889.695,21439.446,"Latin America & Caribbean","CHL",0,0
"Chile",2006,78.606,17806.184,22652.492,"Latin America & Caribbean","CHL",0,0
"Chile",2007,82.427,18874.674,22898.752,"Latin America & Caribbean","CHL",0,0
"Chile",2008,80.375,18048.325,22455.155,"Latin America & Caribbean","CHL",0,0
"Chile",2009,79.543,17307.839,21758.989,"Latin America & Caribbean","CHL",0,0
"Chile",2010,81.985,17731.349,21627.539,"Latin America & Caribbean","CHL",0,0
"Chile",2011,83.747,19496.264,23279.862,"Latin America & Caribbean","CHL",0,0
"Chile",2012,83.323,19639.935,23570.77,"Latin America & Caribbean","CHL",1,0
"Chile",2013,83.091,19585.869,23571.504,"Latin America & Caribbean","CHL",1,0
"Chile",2014,81.246,18585.237,22875.258,"Latin America & Caribbean","CHL",1,0
"Chile",2015,80.106,18516.495,23114.865,"Latin America & Caribbean","CHL",1,0
"Chile",2016,81.871,19593.269,23931.914,"Latin America & Caribbean","CHL",1,0
"Chile",2017,79.322,18846.477,23759.387,"Latin America & Caribbean","CHL",1,0
"Chile",2018,77.786,19158.829,24630.23,"Latin America & Caribbean","CHL",1,1
"Chile",2019,77.149,18723.472,24269.273,"Latin America & Caribbean","CHL",1,1
"China",2005,94.101,14849.716,15780.637,"East Asia & Pacific","CHN",0,0
"China",2006,94.131,16191.771,17201.311,"East Asia & Pacific","CHN",0,0
"China",2007,93.971,17470.92,18591.773,"East Asia & Pacific","CHN",0,0
"China",2008,92.478,17734.152,19176.678,"East Asia & Pacific","CHN",0,0
"China",2009,92.822,18473.225,19901.852,"East Asia & Pacific","CHN",0,0
"China",2010,92.187,19509.327,21162.747,"East Asia & Pacific","CHN",0,0
"China",2011,92.641,21039.466,22710.792,"East Asia & Pacific","CHN",0,0
"China",2012,91.227,21427.629,23488.285,"East Asia & Pacific","CHN",0,0
"China",2013,90.766,21986.078,24222.732,"East Asia & Pacific","CHN",0,0
"China",2014,89.398,22038.47,24652.082,"East Asia & Pacific","CHN",0,0
"China",2015,88.567,21925.019,24755.298,"East Asia & Pacific","CHN",0,0
"China",2016,87.546,21832.572,24938.401,"East Asia & Pacific","CHN",0,0
"China",2017,86.751,22186.39,25574.677,"East Asia & Pacific","CHN",0,0
"China",2018,85.88,22686.756,26416.955,"East Asia & Pacific","CHN",0,0
"China",2019,85.142,23373.454,27452.478,"East Asia & Pacific","CHN",0,0
"Colombia",2005,66.417,4962.738,7472.091,"Latin America & Caribbean","COL",0,0
"Colombia",2006,67.699,5598.178,8269.183,"Latin America & Caribbean","COL",1,0
"Colombia",2007,66.78,5473.37,8196.163,"Latin America & Caribbean","COL",1,0
"Colombia",2008,68.113,5959.578,8749.594,"Latin America & Caribbean","COL",1,0
"Colombia",2009,70.189,5792.834,8253.241,"Latin America & Caribbean","COL",1,0
"Colombia",2010,72.418,6330.356,8741.427,"Latin America & Caribbean","COL",1,0
"Colombia",2011,68.663,6216.017,9052.9,"Latin America & Caribbean","COL",1,0
"Colombia",2012,71.319,6847.215,9600.805,"Latin America & Caribbean","COL",1,0
"Colombia",2013,73.787,7117.413,9645.844,"Latin America & Caribbean","COL",1,0
"Colombia",2014,74.867,7536.937,10067.117,"Latin America & Caribbean","COL",1,0
"Colombia",2015,75.137,7519.321,10007.479,"Latin America & Caribbean","COL",1,0
"Colombia",2016,75.455,7861.426,10418.751,"Latin America & Caribbean","COL",1,0
"Colombia",2017,70.889,7404.676,10445.488,"Latin America & Caribbean","COL",1,0
"Colombia",2018,71.506,7408.881,10361.17,"Latin America & Caribbean","COL",1,0
"Colombia",2019,75.014,7965.146,10618.229,"Latin America & Caribbean","COL",1,0
"Croatia",2005,82.425,20344.017,24681.734,"Europe & Central Asia","HRV",0,0
"Croatia",2006,83.364,20368.944,24433.724,"Europe & Central Asia","HRV",0,0
"Croatia",2007,88.27,21782.179,24676.89,"Europe & Central Asia","HRV",0,0
"Croatia",2008,85.531,20997.446,24549.593,"Europe & Central Asia","HRV",0,0
"Croatia",2009,81.244,19694.281,24240.986,"Europe & Central Asia","HRV",0,0
"Croatia",2010,77.276,19048.503,24650.009,"Europe & Central Asia","HRV",0,0
"Croatia",2011,85.304,18501.96,21689.341,"Europe & Central Asia","HRV",0,0
"Croatia",2012,83.983,16944.933,20176.69,"Europe & Central Asia","HRV",0,0
"Croatia",2013,74.478,16452.555,22090.545,"Europe & Central Asia","HRV",0,0
"Croatia",2014,72.819,16134.73,22157.19,"Europe & Central Asia","HRV",0,0
"Croatia",2015,78.498,16627.443,21182.051,"Europe & Central Asia","HRV",0,0
"Croatia",2016,77.408,17131.789,22131.93,"Europe & Central Asia","HRV",0,0
"Croatia",2017,80.938,18063.86,22318.159,"Europe & Central Asia","HRV",0,0
"Croatia",2018,74.809,17596.235,23521.493,"Europe & Central Asia","HRV",1,1
"Croatia",2019,78.115,17865.224,22870.486,"Europe & Central Asia","HRV",1,1
"Cyprus",2005,99.993,34037.137,34039.547,"Europe & Central Asia","CYP",0,0
"Cyprus",2006,99.988,32894.458,32898.322,"Europe & Central Asia","CYP",0,0
"Cyprus",2007,99.944,32862.776,32881.13,"Europe & Central Asia","CYP",0,0
"Cyprus",2008,99.428,32941.897,33131.347,"Europe & Central Asia","CYP",0,0
"Cyprus",2009,99.266,31630.71,31864.753,"Europe & Central Asia","CYP",0,0
"Cyprus",2010,98.957,30255.541,30574.303,"Europe & Central Asia","CYP",0,0
"Cyprus",2011,98.081,29356.962,29931.434,"Europe & Central Asia","CYP",0,0
"Cyprus",2012,97.315,27042.115,27788.344,"Europe & Central Asia","CYP",0,0
"Cyprus",2013,96.412,23767.194,24651.741,"Europe & Central Asia","CYP",0,0
"Cyprus",2014,96.731,23693.986,24494.627,"Europe & Central Asia","CYP",0,0
"Cyprus",2015,96.135,24090.734,25059.153,"Europe & Central Asia","CYP",0,0
"Cyprus",2016,96.3,26043.211,27043.816,"Europe & Central Asia","CYP",0,0
"Cyprus",2017,96.345,26534.149,27540.713,"Europe & Central Asia","CYP",0,0
"Cyprus",2018,96.116,26158.958,27215.923,"Europe & Central Asia","CYP",0,0
"Cyprus",2019,95.671,25853,27022.732,"Europe & Central Asia","CYP",1,1
"Czechia",2005,85.547,43131.739,50418.536,"Europe & Central Asia","CZE",0,0
"Czechia",2006,84.968,43479.832,51171.955,"Europe & Central Asia","CZE",0,0
"Czechia",2007,84.889,42710.259,50313.034,"Europe & Central Asia","CZE",0,0
"Czechia",2008,84.098,41219.19,49013.418,"Europe & Central Asia","CZE",0,0
"Czechia",2009,82.456,38509.623,46703.236,"Europe & Central Asia","CZE",1,0
"Czechia",2010,82.148,39774.479,48418.054,"Europe & Central Asia","CZE",1,0
"Czechia",2011,80.786,38147.988,47221.125,"Europe & Central Asia","CZE",1,0
"Czechia",2012,79.343,37178.815,46858.328,"Europe & Central Asia","CZE",1,0
"Czechia",2013,78.189,35904.144,45919.769,"Europe & Central Asia","CZE",1,0
"Czechia",2014,78.07,35035.947,44877.41,"Europe & Central Asia","CZE",1,0
"Czechia",2015,79.616,35082.761,44065.149,"Europe & Central Asia","CZE",1,0
"Czechia",2016,80.918,35051.741,43317.375,"Europe & Central Asia","CZE",1,0
"Czechia",2017,79.487,35898.338,45162.362,"Europe & Central Asia","CZE",1,0
"Czechia",2018,78.869,35470.549,44974.153,"Europe & Central Asia","CZE",1,0
"Czechia",2019,78.162,34636.421,44313.391,"Europe & Central Asia","CZE",1,0
"Denmark",2005,88.553,37661.954,42530.177,"Europe & Central Asia","DNK",0,0
"Denmark",2006,90.303,42163.536,46691.122,"Europe & Central Asia","DNK",0,0
"Denmark",2007,88.602,39008.561,44026.64,"Europe & Central Asia","DNK",0,0
"Denmark",2008,88.459,37276.082,42139.29,"Europe & Central Asia","DNK",0,0
"Denmark",2009,87.82,34610.399,39410.724,"Europe & Central Asia","DNK",0,0
"Denmark",2010,85.676,35269.603,41166.206,"Europe & Central Asia","DNK",0,0
"Denmark",2011,82.255,31784.736,38641.481,"Europe & Central Asia","DNK",0,0
"Denmark",2012,79.565,28283.669,35548.083,"Europe & Central Asia","DNK",0,0
"Denmark",2013,79.162,29255.556,36956.482,"Europe & Central Asia","DNK",0,0
"Denmark",2014,75.95,26991.371,35538.41,"Europe & Central Asia","DNK",0,0
"Denmark",2015,73.966,25246.374,34132.576,"Europe & Central Asia","DNK",0,0
"Denmark",2016,74.98,25719.739,34302.118,"Europe & Central Asia","DNK",0,0
"Denmark",2017,70.858,24346.691,34359.69,"Europe & Central Asia","DNK",0,0
"Denmark",2018,71.959,24337.7,33821.545,"Europe & Central Asia","DNK",0,0
"Denmark",2019,68.429,22947.348,33534.557,"Europe & Central Asia","DNK",0,0
"Ecuador",2005,84.27,7280.786,8639.83,"Latin America & Caribbean","ECU",1,0
"Ecuador",2006,84.606,7601.665,8984.832,"Latin America & Caribbean","ECU",1,0
"Ecuador",2007,81.45,7552.029,9271.968,"Latin America & Caribbean","ECU",1,0
"Ecuador",2008,78.455,7607.876,9697.082,"Latin America & Caribbean","ECU",1,0
"Ecuador",2009,82.051,7666.979,9344.177,"Latin America & Caribbean","ECU",1,0
"Ecuador",2010,84.902,8681.296,10225.074,"Latin America & Caribbean","ECU",1,0
"Ecuador",2011,81.772,8716.853,10659.935,"Latin America & Caribbean","ECU",1,0
"Ecuador",2012,81.151,8998.276,11088.271,"Latin America & Caribbean","ECU",1,0
"Ecuador",2013,83.516,9428.935,11289.99,"Latin America & Caribbean","ECU",1,0
"Ecuador",2014,83.615,9762.806,11675.838,"Latin America & Caribbean","ECU",1,0
"Ecuador",2015,81.301,9299.362,11438.164,"Latin America & Caribbean","ECU",1,0
"Ecuador",2016,77.44,8657.128,11179.203,"Latin America & Caribbean","ECU",1,0
"Ecuador",2017,72.901,8294.113,11377.16,"Latin America & Caribbean","ECU",1,0
"Ecuador",2018,73.733,8706.538,11808.143,"Latin America & Caribbean","ECU",1,1
"Ecuador",2019,69.48,8267.901,11899.704,"Latin America & Caribbean","ECU",1,1
"Egypt",2005,94.976,8857.684,9326.219,"Middle East & North Africa","EGY",0,0
"Egypt",2006,95.158,9150.749,9616.348,"Middle East & North Africa","EGY",0,0
"Egypt",2007,94.95,9500.309,10005.576,"Middle East & North Africa","EGY",0,0
"Egypt",2008,94.927,9941.083,10472.353,"Middle East & North Africa","EGY",1,0
"Egypt",2009,95.518,10206.809,10685.744,"Middle East & North Africa","EGY",1,0
"Egypt",2010,95.886,10564.597,11017.914,"Middle East & North Africa","EGY",1,0
"Egypt",2011,95.878,10503.306,10954.875,"Middle East & North Africa","EGY",1,0
"Egypt",2012,96.065,10818.205,11261.334,"Middle East & North Africa","EGY",1,0
"Egypt",2013,96.068,10498.828,10928.557,"Middle East & North Africa","EGY",1,0
"Egypt",2014,96.103,10241.436,10656.69,"Middle East & North Africa","EGY",1,0
"Egypt",2015,95.996,10247.313,10674.766,"Middle East & North Africa","EGY",1,0
"Egypt",2016,96.094,10569.281,10998.843,"Middle East & North Africa","EGY",1,1
"Egypt",2017,96.293,10661.829,11072.259,"Middle East & North Africa","EGY",1,1
"Egypt",2018,96.139,10629.143,11056.037,"Middle East & North Africa","EGY",1,1
"Egypt",2019,95.444,10263.135,10753,"Middle East & North Africa","EGY",1,1
"Estonia",2005,99.53,45707.785,45923.808,"Europe & Central Asia","EST",0,0
"Estonia",2006,99.44,45177.719,45431.938,"Europe & Central Asia","EST",0,0
"Estonia",2007,99.43,51398.754,51693.234,"Europe & Central Asia","EST",0,0
"Estonia",2008,99.154,49110.396,49529.486,"Europe & Central Asia","EST",0,0
"Estonia",2009,97.588,43068.801,44133.363,"Europe & Central Asia","EST",0,0
"Estonia",2010,95.998,51407.679,53550.725,"Europe & Central Asia","EST",0,0
"Estonia",2011,95.687,52959.079,55346.031,"Europe & Central Asia","EST",0,0
"Estonia",2012,94.735,53234.611,56193.041,"Europe & Central Asia","EST",0,0
"Estonia",2013,95.811,55885.624,58329.07,"Europe & Central Asia","EST",0,0
"Estonia",2014,95.148,54259.369,57026.325,"Europe & Central Asia","EST",0,0
"Estonia",2015,94.384,50300.52,53293.296,"Europe & Central Asia","EST",0,0
"Estonia",2016,94.487,50585.515,53537.079,"Europe & Central Asia","EST",0,0
"Estonia",2017,92.112,54371.177,59027.098,"Europe & Central Asia","EST",0,0
"Estonia",2018,93.983,58570.539,62320.223,"Europe & Central Asia","EST",0,0
"Estonia",2019,92.399,46199.99,50000.799,"Europe & Central Asia","EST",0,0
"Finland",2005,64.601,43634.534,67544.687,"Europe & Central Asia","FIN",0,0
"Finland",2006,68.021,49027.48,72076.934,"Europe & Central Asia","FIN",0,0
"Finland",2007,66.431,47568.883,71606.265,"Europe & Central Asia","FIN",0,0
"Finland",2008,63.006,43350.362,68803.365,"Europe & Central Asia","FIN",0,0
"Finland",2009,64.4,40942.03,63574.284,"Europe & Central Asia","FIN",0,0
"Finland",2010,66.281,45621.118,68829.453,"Europe & Central Asia","FIN",0,0
"Finland",2011,63.548,40534.114,63785.369,"Europe & Central Asia","FIN",0,0
"Finland",2012,59.361,36486.426,61464.95,"Europe & Central Asia","FIN",0,0
"Finland",2013,61.529,37893.148,61585.338,"Europe & Central Asia","FIN",0,0
"Finland",2014,58.957,34832.62,59081.808,"Europe & Central Asia","FIN",0,0
"Finland",2015,55.786,32565.484,58375.279,"Europe & Central Asia","FIN",0,0
"Finland",2016,58.202,34713.151,59642.518,"Europe & Central Asia","FIN",0,0
"Finland",2017,56.505,32524.463,57559.99,"Europe & Central Asia","FIN",1,0
"Finland",2018,57.335,33078.661,57693.818,"Europe & Central Asia","FIN",1,0
"Finland",2019,55.234,30443.716,55118.024,"Europe & Central Asia","FIN",1,0
"France",2005,55.936,28510.959,50970.25,"Europe & Central Asia","FRA",0,0
"France",2006,55.393,27820.837,50224.625,"Europe & Central Asia","FRA",0,0
"France",2007,55.205,27077.158,49048.521,"Europe & Central Asia","FRA",0,0
"France",2008,54.608,26711.85,48915.553,"Europe & Central Asia","FRA",1,0
"France",2009,55.252,25385.379,45944.468,"Europe & Central Asia","FRA",1,0
"France",2010,54.414,25603.941,47054.249,"Europe & Central Asia","FRA",1,0
"France",2011,52.866,23783.1,44987.427,"Europe & Central Asia","FRA",1,0
"France",2012,52.845,23613.056,44683.356,"Europe & Central Asia","FRA",1,0
"France",2013,52.416,23500.412,44834.32,"Europe & Central Asia","FRA",1,0
"France",2014,49.774,21259.9,42713.158,"Europe & Central Asia","FRA",1,0
"France",2015,50.452,21577.359,42767.747,"Europe & Central Asia","FRA",1,0
"France",2016,52.363,21956.292,41930.685,"Europe & Central Asia","FRA",1,0
"France",2017,53.382,22182.339,41553.881,"Europe & Central Asia","FRA",1,0
"France",2018,51.233,21615.604,42190.684,"Europe & Central Asia","FRA",1,0
"France",2019,51.479,21251.255,41281.299,"Europe & Central Asia","FRA",1,0
"Germany",2005,84.073,40540.887,48221.023,"Europe & Central Asia","DEU",0,0
"Germany",2006,83.36,41248.774,49482.713,"Europe & Central Asia","DEU",0,0
"Germany",2007,83.303,39544.647,47470.932,"Europe & Central Asia","DEU",0,0
"Germany",2008,82.784,39793.335,48068.741,"Europe & Central Asia","DEU",0,0
"Germany",2009,82.607,37310.685,45166.556,"Europe & Central Asia","DEU",0,0
"Germany",2010,82.33,38780.748,47104.036,"Europe & Central Asia","DEU",0,0
"Germany",2011,82.696,37507.069,45355.574,"Europe & Central Asia","DEU",0,0
"Germany",2012,82.2,37698.572,45861.865,"Europe & Central Asia","DEU",1,0
"Germany",2013,82.429,38773.583,47038.77,"Europe & Central Asia","DEU",1,0
"Germany",2014,81.021,36380.18,44902.427,"Europe & Central Asia","DEU",1,0
"Germany",2015,80.091,36450.005,45510.725,"Europe & Central Asia","DEU",1,0
"Germany",2016,80.938,37254.589,46028.413,"Europe & Central Asia","DEU",1,0
"Germany",2017,80.059,37084.854,46322.041,"Europe & Central Asia","DEU",1,0
"Germany",2018,79.087,35518.382,44910.659,"Europe & Central Asia","DEU",1,0
"Germany",2019,77.422,33836.221,43703.379,"Europe & Central Asia","DEU",1,0
"Greece",2005,95.739,34488.109,36023.196,"Europe & Central Asia","GRC",0,0
"Greece",2006,94.963,35484.411,37366.379,"Europe & Central Asia","GRC",0,0
"Greece",2007,96.909,37127.43,38311.687,"Europe & Central Asia","GRC",0,0
"Greece",2008,96.116,35773.362,37218.986,"Europe & Central Asia","GRC",1,0
"Greece",2009,94.375,34230.231,36270.281,"Europe & Central Asia","GRC",1,0
"Greece",2010,92.365,32090.402,34743.218,"Europe & Central Asia","GRC",1,0
"Greece",2011,93.949,31980.071,34039.799,"Europe & Central Asia","GRC",1,0
"Greece",2012,92.086,29784.527,32344.188,"Europe & Central Asia","GRC",1,0
"Greece",2013,88.383,27165.303,30736.014,"Europe & Central Asia","GRC",1,0
"Greece",2014,89.463,25981.743,29041.915,"Europe & Central Asia","GRC",1,0
"Greece",2015,87.401,25650.703,29348.358,"Europe & Central Asia","GRC",1,0
"Greece",2016,87.202,25281.639,28991.961,"Europe & Central Asia","GRC",1,0
"Greece",2017,88.76,27228.488,30676.645,"Europe & Central Asia","GRC",1,0
"Greece",2018,86.951,26655.738,30655.962,"Europe & Central Asia","GRC",1,0
"Greece",2019,87.267,26515.007,30383.697,"Europe & Central Asia","GRC",1,1
"Hong Kong SAR China",2005,100,39895.228,39895.228,"East Asia & Pacific","HKG",0,0
"Hong Kong SAR China",2006,99.999,42009.81,42010.083,"East Asia & Pacific","HKG",0,0
"Hong Kong SAR China",2007,99.999,44446.237,44446.573,"East Asia & Pacific","HKG",0,0
"Hong Kong SAR China",2008,99.999,41100.152,41100.461,"East Asia & Pacific","HKG",0,0
"Hong Kong SAR China",2009,99.999,44600.075,44600.491,"East Asia & Pacific","HKG",0,0
"Hong Kong SAR China",2010,99.911,46081.595,46122.679,"East Asia & Pacific","HKG",0,0
"Hong Kong SAR China",2011,99.845,46935.899,47008.935,"East Asia & Pacific","HKG",0,0
"Hong Kong SAR China",2012,99.909,44883.667,44924.45,"East Asia & Pacific","HKG",0,0
"Hong Kong SAR China",2013,99.877,45813.023,45869.432,"East Asia & Pacific","HKG",0,0
"Hong Kong SAR China",2014,99.889,44476.087,44525.498,"East Asia & Pacific","HKG",0,0
"Hong Kong SAR China",2015,99.901,45399.417,45444.536,"East Asia & Pacific","HKG",0,0
"Hong Kong SAR China",2016,99.91,46223.246,46264.723,"East Asia & Pacific","HKG",0,0
"Hong Kong SAR China",2017,99.911,49156.405,49200.018,"East Asia & Pacific","HKG",0,0
"Hong Kong SAR China",2018,99.917,49022.556,49063.398,"East Asia & Pacific","HKG",0,0
"Hong Kong SAR China",2019,99.901,46324.789,46370.72,"East Asia & Pacific","HKG",0,0
"Hungary",2005,86.241,26271.857,30463.137,"Europe & Central Asia","HUN",0,0
"Hungary",2006,86.751,26113.067,30101.239,"Europe & Central Asia","HUN",0,0
"Hungary",2007,85.144,25349.868,29773.078,"Europe & Central Asia","HUN",0,0
"Hungary",2008,83.923,24693.285,29423.9,"Europe & Central Asia","HUN",0,0
"Hungary",2009,81.439,22048.558,27073.792,"Europe & Central Asia","HUN",0,0
"Hungary",2010,81.466,22584.858,27723.062,"Europe & Central Asia","HUN",0,0
"Hungary",2011,81.905,22661.61,27668.021,"Europe & Central Asia","HUN",0,0
"Hungary",2012,80.595,20765.527,25765.387,"Europe & Central Asia","HUN",0,0
"Hungary",2013,80.091,19671.046,24560.776,"Europe & Central Asia","HUN",0,0
"Hungary",2014,79.328,19592.312,24697.743,"Europe & Central Asia","HUN",0,0
"Hungary",2015,80.233,20868.505,26010.015,"Europe & Central Asia","HUN",0,0
"Hungary",2016,80.373,21309.197,26512.968,"Europe & Central Asia","HUN",0,0
"Hungary",2017,81.247,22653.671,27882.557,"Europe & Central Asia","HUN",0,0
"Hungary",2018,81.452,22918.202,28137.177,"Europe & Central Asia","HUN",0,0
"Hungary",2019,80.619,22967.592,28488.966,"Europe & Central Asia","HUN",1,1
"Iceland",2005,32.543,38156.641,117250.981,"Europe & Central Asia","ISL",0,0
"Iceland",2006,30.161,38176.818,126576.844,"Europe & Central Asia","ISL",0,0
"Iceland",2007,26.672,37932.809,142218.033,"Europe & Central Asia","ISL",0,0
"Iceland",2008,19.666,34212.428,173969.733,"Europe & Central Asia","ISL",0,0
"Iceland",2009,18.254,31204.654,170948.916,"Europe & Central Asia","ISL",0,0
"Iceland",2010,17.666,29820.697,168804.644,"Europe & Central Asia","ISL",0,0
"Iceland",2011,17.452,29189.69,167258.358,"Europe & Central Asia","ISL",0,0
"Iceland",2012,17.162,28721.973,167360.551,"Europe & Central Asia","ISL",0,0
"Iceland",2013,17.588,30283.116,172178.609,"Europe & Central Asia","ISL",0,0
"Iceland",2014,17.905,30600.333,170906.126,"Europe & Central Asia","ISL",0,0
"Iceland",2015,18.744,33333.341,177833.485,"Europe & Central Asia","ISL",0,0
"Iceland",2016,20.657,36696.504,177647.358,"Europe & Central Asia","ISL",0,0
"Iceland",2017,21.78,40233.807,184731.897,"Europe & Central Asia","ISL",0,0
"Iceland",2018,22.277,42086.045,188921.539,"Europe & Central Asia","ISL",0,0
"Iceland",2019,20.59,37053.462,179962.796,"Europe & Central Asia","ISL",0,0
"India",2005,92.671,3715.215,4009.038,"South Asia","IND",0,0
"India",2006,91.965,3816.085,4149.482,"South Asia","IND",1,0
"India",2007,91.928,4085.208,4443.923,"South Asia","IND",1,0
"India",2008,92.665,4288.694,4628.165,"South Asia","IND",1,0
"India",2009,93.365,4584.164,4909.964,"South Asia","IND",1,0
"India",2010,93.103,4725.888,5075.993,"South Asia","IND",1,0
"India",2011,91.946,4878.241,5305.549,"South Asia","IND",1,0
"India",2012,92.666,5106.992,5511.19,"South Asia","IND",1,0
"India",2013,92.171,5212.588,5655.344,"South Asia","IND",1,0
"India",2014,92.208,5508.084,5973.568,"South Asia","IND",1,0
"India",2015,92.492,5642.015,6099.98,"South Asia","IND",1,0
"India",2016,92.567,5837.032,6305.748,"South Asia","IND",1,0
"India",2017,92.161,5992.306,6501.978,"South Asia","IND",1,0
"India",2018,91.885,6283.857,6838.842,"South Asia","IND",1,0
"India",2019,91.037,6303.314,6923.931,"South Asia","IND",1,0
"Indonesia",2005,96.753,6141.946,6348.065,"East Asia & Pacific","IDN",1,0
"Indonesia",2006,97.01,6165.156,6355.197,"East Asia & Pacific","IDN",1,0
"Indonesia",2007,96.861,6519.207,6730.45,"East Asia & Pacific","IDN",1,0
"Indonesia",2008,96.579,6331.852,6556.15,"East Asia & Pacific","IDN",1,0
"Indonesia",2009,96.485,6467.072,6702.667,"East Asia & Pacific","IDN",1,0
"Indonesia",2010,95.895,6962.791,7260.867,"East Asia & Pacific","IDN",1,0
"Indonesia",2011,96.867,7572.907,7817.879,"East Asia & Pacific","IDN",1,0
"Indonesia",2012,96.845,7869.966,8126.372,"East Asia & Pacific","IDN",1,0
"Indonesia",2013,96.326,8044.244,8351.07,"East Asia & Pacific","IDN",1,0
"Indonesia",2014,95.872,7402.398,7721.161,"East Asia & Pacific","IDN",1,0
"Indonesia",2015,96.494,7368.314,7636.035,"East Asia & Pacific","IDN",1,0
"Indonesia",2016,94.966,7362.038,7752.315,"East Asia & Pacific","IDN",1,0
"Indonesia",2017,95.112,7559.452,7947.959,"East Asia & Pacific","IDN",1,0
"Indonesia",2018,95.085,8116.423,8535.947,"East Asia & Pacific","IDN",1,1
"Indonesia",2019,93.91,8589.723,9146.767,"East Asia & Pacific","IDN",1,1
"Iran",2005,98.019,27695.038,28254.856,"Middle East & North Africa","IRN",0,0
"Iran",2006,97.687,29821.138,30527.098,"Middle East & North Africa","IRN",1,0
"Iran",2007,97.914,31642.692,32316.66,"Middle East & North Africa","IRN",1,0
"Iran",2008,99.158,32919.386,33198.804,"Middle East & North Africa","IRN",1,0
"Iran",2009,99.263,33677.471,33927.539,"Middle East & North Africa","IRN",1,0
"Iran",2010,98.9,33278.499,33648.655,"Middle East & North Africa","IRN",1,0
"Iran",2011,98.898,34369.442,34752.47,"Middle East & North Africa","IRN",1,0
"Iran",2012,98.6,34119.876,34604.318,"Middle East & North Africa","IRN",1,0
"Iran",2013,98.206,35138.561,35780.531,"Middle East & North Africa","IRN",1,0
"Iran",2014,98.317,36242.999,36863.54,"Middle East & North Africa","IRN",1,0
"Iran",2015,98.48,35613.721,36163.525,"Middle East & North Africa","IRN",1,0
"Iran",2016,98.139,36979.351,37680.621,"Middle East & North Africa","IRN",1,0
"Iran",2017,98.041,38162.744,38925.262,"Middle East & North Africa","IRN",1,1
"Iran",2018,98.581,39606.503,40176.741,"Middle East & North Africa","IRN",1,1
"Iran",2019,97.406,40281.521,41354.455,"Middle East & North Africa","IRN",1,1
"Iraq",2005,95.644,10735.858,11224.817,"Middle East & North Africa","IRQ",0,0
"Iraq",2006,95.678,10760.103,11246.116,"Middle East & North Africa","IRQ",0,0
"Iraq",2007,96.295,11293.572,11728.142,"Middle East & North Africa","IRQ",1,0
"Iraq",2008,97.72,11685.11,11957.774,"Middle East & North Africa","IRQ",1,0
"Iraq",2009,98.041,12822.133,13078.404,"Middle East & North Africa","IRQ",1,0
"Iraq",2010,97.665,13258.309,13575.228,"Middle East & North Africa","IRQ",1,0
"Iraq",2011,97.935,13600.754,13887.481,"Middle East & North Africa","IRQ",1,0
"Iraq",2012,97.504,13871.819,14226.958,"Middle East & North Africa","IRQ",1,0
"Iraq",2013,97.561,14378.959,14738.4,"Middle East & North Africa","IRQ",1,0
"Iraq",2014,98.426,13373.949,13587.861,"Middle East & North Africa","IRQ",1,0
"Iraq",2015,98.588,12923.178,13108.326,"Middle East & North Africa","IRQ",1,0
"Iraq",2016,98.4,14487.68,14723.185,"Middle East & North Africa","IRQ",1,0
"Iraq",2017,98.949,13997.747,14146.429,"Middle East & North Africa","IRQ",1,0
"Iraq",2018,99.163,14367.604,14488.854,"Middle East & North Africa","IRQ",1,1
"Iraq",2019,98.985,15574.017,15733.708,"Middle East & North Africa","IRQ",1,1
"Ireland",2005,97.3,43962.8,45182.92,"Europe & Central Asia","IRL",0,0
"Ireland",2006,96.52,43572.226,45143.287,"Europe & Central Asia","IRL",0,0
"Ireland",2007,96.101,43752.122,45527.252,"Europe & Central Asia","IRL",0,0
"Ireland",2008,94.831,42094.134,44388.58,"Europe & Central Asia","IRL",0,0
"Ireland",2009,93.463,37195.295,39796.986,"Europe & Central Asia","IRL",0,0
"Ireland",2010,93.935,36805.562,39181.759,"Europe & Central Asia","IRL",0,0
"Ireland",2011,91.268,33562.511,36773.57,"Europe & Central Asia","IRL",0,0
"Ireland",2012,91.467,33144.574,36236.584,"Europe & Central Asia","IRL",0,0
"Ireland",2013,90.677,32152.787,35458.484,"Europe & Central Asia","IRL",0,0
"Ireland",2014,89.409,31550.484,35287.921,"Europe & Central Asia","IRL",0,0
"Ireland",2015,87.917,32686.858,37179.078,"Europe & Central Asia","IRL",0,0
"Ireland",2016,88.811,34083.511,38377.773,"Europe & Central Asia","IRL",1,0
"Ireland",2017,86.75,33004.431,38045.307,"Europe & Central Asia","IRL",1,0
"Ireland",2018,85.315,32722.044,38354.492,"Europe & Central Asia","IRL",1,0
"Ireland",2019,83.44,31489.613,37739.296,"Europe & Central Asia","IRL",1,0
"Israel",2005,99.882,38803.229,38848.939,"Middle East & North Africa","ISR",0,0
"Israel",2006,99.932,37889.753,37915.64,"Middle East & North Africa","ISR",0,0
"Israel",2007,99.941,39009.165,39032.153,"Middle East & North Africa","ISR",0,0
"Israel",2008,99.932,38642.001,38668.259,"Middle East & North Africa","ISR",0,0
"Israel",2009,99.859,36110.198,36161.082,"Middle East & North Africa","ISR",0,0
"Israel",2010,99.796,37439.654,37516.214,"Middle East & North Africa","ISR",0,0
"Israel",2011,99.674,37555.767,37678.761,"Middle East & North Africa","ISR",0,0
"Israel",2012,99.531,38502.114,38683.392,"Middle East & North Africa","ISR",0,0
"Israel",2013,99.429,35152.344,35354.208,"Middle East & North Africa","ISR",0,0
"Israel",2014,99.088,33912.59,34224.603,"Middle East & North Africa","ISR",1,0
"Israel",2015,98.835,35129.745,35543.691,"Middle East & North Africa","ISR",1,0
"Israel",2016,98.479,35015.725,35556.614,"Middle East & North Africa","ISR",1,0
"Israel",2017,98.565,36030.942,36555.398,"Middle East & North Africa","ISR",1,0
"Israel",2018,98.527,35466.923,35997.319,"Middle East & North Africa","ISR",1,0
"Israel",2019,97.677,35864.075,36717.179,"Middle East & North Africa","ISR",1,0
"Italy",2005,93.947,35211.977,37480.773,"Europe & Central Asia","ITA",0,0
"Italy",2006,93.675,34788.389,37137.49,"Europe & Central Asia","ITA",0,0
"Italy",2007,93.967,34124.067,36315.127,"Europe & Central Asia","ITA",0,0
"Italy",2008,92.321,32964.201,35705.99,"Europe & Central Asia","ITA",0,0
"Italy",2009,90.091,29937.283,33230.019,"Europe & Central Asia","ITA",0,0
"Italy",2010,89.296,30457.477,34108.475,"Europe & Central Asia","ITA",1,0
"Italy",2011,88.327,29296.433,33168.189,"Europe & Central Asia","ITA",1,0
"Italy",2012,86.732,27848.142,32108.196,"Europe & Central Asia","ITA",1,0
"Italy",2013,83.539,25431.184,30442.126,"Europe & Central Asia","ITA",1,0
"Italy",2014,81.53,23358.869,28650.492,"Europe & Central Asia","ITA",1,0
"Italy",2015,83.756,24459.431,29203.355,"Europe & Central Asia","ITA",1,0
"Italy",2016,84.186,24789.271,29445.833,"Europe & Central Asia","ITA",1,0
"Italy",2017,84.988,25267.323,29730.62,"Europe & Central Asia","ITA",1,0
"Italy",2018,83.674,25031.384,29915.232,"Europe & Central Asia","ITA",1,0
"Italy",2019,83.71,24476.028,29239.012,"Europe & Central Asia","ITA",1,0
"Japan",2005,82.848,40076.413,48373.422,"East Asia & Pacific","JPN",0,0
"Japan",2006,81.914,39477.17,48193.385,"East Asia & Pacific","JPN",1,0
"Japan",2007,83.49,39808.81,47680.649,"East Asia & Pacific","JPN",1,0
"Japan",2008,84.545,39742.891,47008.043,"East Asia & Pacific","JPN",1,0
"Japan",2009,82.286,35264.336,42855.564,"East Asia & Pacific","JPN",1,0
"Japan",2010,81.714,37315.487,45665.724,"East Asia & Pacific","JPN",1,0
"Japan",2011,87.098,37772.479,43367.835,"East Asia & Pacific","JPN",1,0
"Japan",2012,93.932,40477.725,43092.478,"East Asia & Pacific","JPN",1,0
"Japan",2013,93.635,40028.08,42748.86,"East Asia & Pacific","JPN",1,0
"Japan",2014,93.553,39011.692,41699.91,"East Asia & Pacific","JPN",1,0
"Japan",2015,92.3,37998.298,41168.225,"East Asia & Pacific","JPN",1,0
"Japan",2016,92.141,37356.97,40543.449,"East Asia & Pacific","JPN",1,0
"Japan",2017,90.832,37382.176,41155.311,"East Asia & Pacific","JPN",1,0
"Japan",2018,89.119,36666.252,41142.951,"East Asia & Pacific","JPN",1,0
"Japan",2019,87.449,35756.976,40888.804,"East Asia & Pacific","JPN",1,0
"Kazakhstan",2005,95.992,32857.312,34229.225,"Europe & Central Asia","KAZ",1,0
"Kazakhstan",2006,96.274,34504.122,35839.324,"Europe & Central Asia","KAZ",1,0
"Kazakhstan",2007,96.504,38163.507,39545.835,"Europe & Central Asia","KAZ",1,0
"Kazakhstan",2008,96.994,40052.322,41293.786,"Europe & Central Asia","KAZ",1,0
"Kazakhstan",2009,96.952,35787.675,36912.592,"Europe & Central Asia","KAZ",1,0
"Kazakhstan",2010,96.724,37995.84,39282.84,"Europe & Central Asia","KAZ",1,0
"Kazakhstan",2011,97.095,41399.262,42638.104,"Europe & Central Asia","KAZ",1,0
"Kazakhstan",2012,97.3,42325.791,43500.497,"Europe & Central Asia","KAZ",1,0
"Kazakhstan",2013,97.315,42165.406,43328.703,"Europe & Central Asia","KAZ",1,0
"Kazakhstan",2014,97.186,42047.538,43264.962,"Europe & Central Asia","KAZ",1,1
"Kazakhstan",2015,96.763,40714.035,42075.914,"Europe & Central Asia","KAZ",1,1
"Kazakhstan",2016,95.981,40430.566,42123.318,"Europe & Central Asia","KAZ",1,1
"Kazakhstan",2017,96.325,42283.346,43896.358,"Europe & Central Asia","KAZ",1,1
"Kazakhstan",2018,96.899,46316.608,47798.825,"Europe & Central Asia","KAZ",1,1
"Kazakhstan",2019,96.895,44974.219,46415.639,"Europe & Central Asia","KAZ",1,1
"Kuwait",2005,100,152576.276,152576.276,"Middle East & North Africa","KWT",0,0
"Kuwait",2006,100,137852.727,137852.727,"Middle East & North Africa","KWT",0,0
"Kuwait",2007,100,126970.563,126970.563,"Middle East & North Africa","KWT",1,0
"Kuwait",2008,100,130210.611,130210.611,"Middle East & North Africa","KWT",1,0
"Kuwait",2009,100,128064.343,128064.343,"Middle East & North Africa","KWT",1,0
"Kuwait",2010,100,130930.79,130930.79,"Middle East & North Africa","KWT",1,0
"Kuwait",2011,100,124080.316,124080.316,"Middle East & North Africa","KWT",1,0
"Kuwait",2012,100,130407.767,130407.767,"Middle East & North Africa","KWT",1,0
"Kuwait",2013,100,128398.874,128399.006,"Middle East & North Africa","KWT",1,0
"Kuwait",2014,99.998,112493.906,112496.166,"Middle East & North Africa","KWT",1,0
"Kuwait",2015,99.997,117462.166,117465.523,"Middle East & North Africa","KWT",1,0
"Kuwait",2016,99.974,118287.209,118318.232,"Middle East & North Africa","KWT",1,0
"Kuwait",2017,99.962,107995.049,108035.935,"Middle East & North Africa","KWT",1,0
"Kuwait",2018,99.953,105496.454,105546.439,"Middle East & North Africa","KWT",1,1
"Kuwait",2019,99.913,108032.964,108127.063,"Middle East & North Africa","KWT",1,1
"Latvia",2005,80.12,16493.999,20586.701,"Europe & Central Asia","LVA",0,0
"Latvia",2006,83.007,16436.248,19801.052,"Europe & Central Asia","LVA",0,0
"Latvia",2007,83.42,17243.304,20670.438,"Europe & Central Asia","LVA",0,0
"Latvia",2008,81.393,17126.332,21041.493,"Europe & Central Asia","LVA",0,0
"Latvia",2009,78.307,15777.985,20148.78,"Europe & Central Asia","LVA",0,0
"Latvia",2010,80.016,18521.009,23146.627,"Europe & Central Asia","LVA",0,0
"Latvia",2011,81.089,16957.721,20912.494,"Europe & Central Asia","LVA",0,0
"Latvia",2012,76.035,16584.753,21811.923,"Europe & Central Asia","LVA",0,0
"Latvia",2013,78.596,16698.18,21245.46,"Europe & Central Asia","LVA",0,0
"Latvia",2014,81.69,16157.044,19778.425,"Europe & Central Asia","LVA",0,0
"Latvia",2015,82.069,16798.05,20468.211,"Europe & Central Asia","LVA",0,0
"Latvia",2016,79.516,17523.234,22037.449,"Europe & Central Asia","LVA",1,1
"Latvia",2017,71.028,17322.357,24388.016,"Europe & Central Asia","LVA",1,1
"Latvia",2018,78.858,17685.728,22427.3,"Europe & Central Asia","LVA",1,1
"Latvia",2019,80.861,18708.699,23136.925,"Europe & Central Asia","LVA",1,1
"Lithuania",2005,68.664,19055.109,27751.436,"Europe & Central Asia","LTU",0,0
"Lithuania",2006,72.436,19506.033,26928.53,"Europe & Central Asia","LTU",0,0
"Lithuania",2007,70.923,21171.726,29851.861,"Europe & Central Asia","LTU",0,0
"Lithuania",2008,70.516,21161.909,30010.036,"Europe & Central Asia","LTU",0,0
"Lithuania",2009,65.137,18195.474,27934.129,"Europe & Central Asia","LTU",0,0
"Lithuania",2010,95.565,20042.322,20972.395,"Europe & Central Asia","LTU",0,0
"Lithuania",2011,94.987,20949.93,22055.47,"Europe & Central Asia","LTU",0,0
"Lithuania",2012,94.5,21178.377,22411.06,"Europe & Central Asia","LTU",0,0
"Lithuania",2013,92.703,19389.944,20916.116,"Europe & Central Asia","LTU",0,0
"Lithuania",2014,92.429,18883.582,20430.443,"Europe & Central Asia","LTU",0,0
"Lithuania",2015,92.048,19899.227,21618.312,"Europe & Central Asia","LTU",0,0
"Lithuania",2016,90.829,20264.535,22310.548,"Europe & Central Asia","LTU",0,0
"Lithuania",2017,89.633,21438.418,23917.938,"Europe & Central Asia","LTU",0,0
"Lithuania",2018,92.524,22579.247,24403.55,"Europe & Central Asia","LTU",0,0
"Lithuania",2019,91.585,22567.531,24641.049,"Europe & Central Asia","LTU",0,0
"Luxembourg",2005,98.929,113404.441,114632.216,"Europe & Central Asia","LUX",0,0
"Luxembourg",2006,98.727,109245.964,110654.876,"Europe & Central Asia","LUX",0,0
"Luxembourg",2007,97.573,102828.203,105385.992,"Europe & Central Asia","LUX",0,0
"Luxembourg",2008,97.48,99865.178,102446.77,"Europe & Central Asia","LUX",0,0
"Luxembourg",2009,97.525,93241.587,95607.461,"Europe & Central Asia","LUX",0,0
"Luxembourg",2010,97.655,96186.544,98496.259,"Europe & Central Asia","LUX",0,0
"Luxembourg",2011,97.6,91664.845,93918.885,"Europe & Central Asia","LUX",0,0
"Luxembourg",2012,97.201,87598.877,90121.063,"Europe & Central Asia","LUX",0,0
"Luxembourg",2013,96.558,81057.731,83946.778,"Europe & Central Asia","LUX",0,0
"Luxembourg",2014,95.898,76288.761,79552.018,"Europe & Central Asia","LUX",0,0
"Luxembourg",2015,95.254,72087.008,75678.345,"Europe & Central Asia","LUX",0,0
"Luxembourg",2016,94.883,69388.837,73131.15,"Europe & Central Asia","LUX",0,0
"Luxembourg",2017,93.688,69860.468,74567.402,"Europe & Central Asia","LUX",0,0
"Luxembourg",2018,93.297,71373.485,76501.105,"Europe & Central Asia","LUX",0,0
"Luxembourg",2019,92.937,71243.909,76658.118,"Europe & Central Asia","LUX",0,0
"Malaysia",2005,97.814,30923.663,31614.638,"East Asia & Pacific","MYS",0,0
"Malaysia",2006,97.791,31498.423,32209.853,"East Asia & Pacific","MYS",0,0
"Malaysia",2007,97.978,33010.365,33691.547,"East Asia & Pacific","MYS",0,0
"Malaysia",2008,97.511,33376.967,34228.969,"East Asia & Pacific","MYS",1,0
"Malaysia",2009,97.588,31779.901,32565.279,"East Asia & Pacific","MYS",1,0
"Malaysia",2010,97.859,32290.167,32996.698,"East Asia & Pacific","MYS",1,0
"Malaysia",2011,97.391,32757.198,33634.663,"East Asia & Pacific","MYS",1,0
"Malaysia",2012,97.195,34625.834,35625.245,"East Asia & Pacific","MYS",1,0
"Malaysia",2013,96.717,35562.934,36770.269,"East Asia & Pacific","MYS",1,0
"Malaysia",2014,96.354,35307.154,36643.052,"East Asia & Pacific","MYS",1,0
"Malaysia",2015,96.186,35271.133,36669.698,"East Asia & Pacific","MYS",1,0
"Malaysia",2016,95.075,36219.409,38095.509,"East Asia & Pacific","MYS",1,0
"Malaysia",2017,93.743,35769.575,38156.889,"East Asia & Pacific","MYS",1,1
"Malaysia",2018,93.714,34740.698,37070.936,"East Asia & Pacific","MYS",1,1
"Malaysia",2019,93.613,34687.091,37053.569,"East Asia & Pacific","MYS",1,1
"Mexico",2005,93.259,16521.288,17715.447,"Latin America & Caribbean","MEX",0,0
"Mexico",2006,93.206,16788.075,18011.859,"Latin America & Caribbean","MEX",0,0
"Mexico",2007,93.638,16703.481,17838.423,"Latin America & Caribbean","MEX",0,0
"Mexico",2008,92.354,16570.913,17942.795,"Latin America & Caribbean","MEX",0,0
"Mexico",2009,93.906,16470.432,17539.323,"Latin America & Caribbean","MEX",0,0
"Mexico",2010,93.296,16601.827,17794.833,"Latin America & Caribbean","MEX",0,0
"Mexico",2011,93.2,17140.726,18391.381,"Latin America & Caribbean","MEX",0,0
"Mexico",2012,93.78,17116.365,18251.57,"Latin America & Caribbean","MEX",0,0
"Mexico",2013,93.815,16970.836,18089.592,"Latin America & Caribbean","MEX",1,0
"Mexico",2014,92.487,16430.404,17765.011,"Latin America & Caribbean","MEX",1,0
"Mexico",2015,92.926,16285.966,17525.65,"Latin America & Caribbean","MEX",1,0
"Mexico",2016,93.012,16309.492,17534.79,"Latin America & Caribbean","MEX",1,0
"Mexico",2017,92.797,16310.487,17576.573,"Latin America & Caribbean","MEX",1,0
"Mexico",2018,91.967,15857.96,17243.103,"Latin America & Caribbean","MEX",1,0
"Mexico",2019,91.482,15378.81,16810.783,"Latin America & Caribbean","MEX",1,0
"Morocco",2005,98.042,5179.089,5282.52,"Middle East & North Africa","MAR",0,0
"Morocco",2006,98.102,5227.787,5328.944,"Middle East & North Africa","MAR",0,0
"Morocco",2007,98.071,5116.995,5217.657,"Middle East & North Africa","MAR",0,0
"Morocco",2008,98.214,5589.568,5691.192,"Middle East & North Africa","MAR",1,0
"Morocco",2009,95.559,5231.926,5475.095,"Middle East & North Africa","MAR",1,0
"Morocco",2010,94.447,5658.385,5991.063,"Middle East & North Africa","MAR",1,0
"Morocco",2011,96.568,6000.049,6213.307,"Middle East & North Africa","MAR",1,0
"Morocco",2012,97.068,6051.649,6234.444,"Middle East & North Africa","MAR",1,0
"Morocco",2013,95.182,6000.53,6304.272,"Middle East & North Africa","MAR",1,0
"Morocco",2014,95.798,6043.344,6308.411,"Middle East & North Africa","MAR",1,0
"Morocco",2015,94.914,6006.808,6328.655,"Middle East & North Africa","MAR",1,0
"Morocco",2016,94.718,5978.95,6312.383,"Middle East & North Africa","MAR",1,0
"Morocco",2017,95.01,6200.953,6526.613,"Middle East & North Africa","MAR",1,1
"Morocco",2018,93.285,6213.97,6661.278,"Middle East & North Africa","MAR",1,1
"Morocco",2019,92.914,6715.788,7227.94,"Middle East & North Africa","MAR",1,1
"Netherlands",2005,97.22,65873.159,67757.136,"Europe & Central Asia","NLD",0,0
"Netherlands",2006,97.117,64165.388,66070.332,"Europe & Central Asia","NLD",0,0
"Netherlands",2007,96.812,64781.87,66915.166,"Europe & Central Asia","NLD",1,0
"Netherlands",2008,96.388,63451.607,65829.55,"Europe & Central Asia","NLD",1,0
"Netherlands",2009,95.908,62004.343,64649.683,"Europe & Central Asia","NLD",1,0
"Netherlands",2010,96.28,65653.147,68190.147,"Europe & Central Asia","NLD",1,0
"Netherlands",2011,95.726,62272.607,65052.642,"Europe & Central Asia","NLD",1,0
"Netherlands",2012,95.599,59959.781,62720.376,"Europe & Central Asia","NLD",1,0
"Netherlands",2013,95.845,58140.664,60660.94,"Europe & Central Asia","NLD",1,0
"Netherlands",2014,95.375,54485.323,57127.701,"Europe & Central Asia","NLD",1,0
"Netherlands",2015,95.008,54793.107,57672.171,"Europe & Central Asia","NLD",1,0
"Netherlands",2016,94.964,55596.553,58544.933,"Europe & Central Asia","NLD",1,0
"Netherlands",2017,94.205,54282.964,57622.291,"Europe & Central Asia","NLD",1,0
"Netherlands",2018,93.573,53723.588,57413.458,"Europe & Central Asia","NLD",1,0
"Netherlands",2019,92.467,52749.549,57046.584,"Europe & Central Asia","NLD",1,0
"New Zealand",2005,66.908,36262.382,54197.493,"East Asia & Pacific","NZL",0,0
"New Zealand",2006,66.789,36064.734,53997.912,"East Asia & Pacific","NZL",0,0
"New Zealand",2007,66.258,35315.839,53300.273,"East Asia & Pacific","NZL",0,0
"New Zealand",2008,67.154,35512.202,52881.352,"East Asia & Pacific","NZL",0,0
"New Zealand",2009,63.803,33298.669,52189.596,"East Asia & Pacific","NZL",0,0
"New Zealand",2010,62.916,33202.998,52773.918,"East Asia & Pacific","NZL",0,0
"New Zealand",2011,62.187,32571.538,52376.782,"East Asia & Pacific","NZL",0,0
"New Zealand",2012,64.857,33789.303,52098.469,"East Asia & Pacific","NZL",0,0
"New Zealand",2013,64.849,33511.453,51675.785,"East Asia & Pacific","NZL",0,0
"New Zealand",2014,64.204,34387.212,53559.134,"East Asia & Pacific","NZL",0,0
"New Zealand",2015,63.779,34136.596,53523.525,"East Asia & Pacific","NZL",0,0
"New Zealand",2016,62.798,33493.775,53336.116,"East Asia & Pacific","NZL",0,0
"New Zealand",2017,64.446,34500.644,53534.502,"East Asia & Pacific","NZL",0,0
"New Zealand",2018,63.316,33302.81,52598.183,"East Asia & Pacific","NZL",0,0
"New Zealand",2019,64.587,34376.311,53224.651,"East Asia & Pacific","NZL",0,0
"North Macedonia",2005,87.57,13725.559,15673.761,"Europe & Central Asia","MKD",0,0
"North Macedonia",2006,86.556,13763.662,15901.51,"Europe & Central Asia","MKD",0,0
"North Macedonia",2007,91.788,14520.46,15819.644,"Europe & Central Asia","MKD",0,0
"North Macedonia",2008,92.934,14202.219,15282.089,"Europe & Central Asia","MKD",0,0
"North Macedonia",2009,89.197,13383.977,15004.935,"Europe & Central Asia","MKD",0,0
"North Macedonia",2010,81.053,13103.878,16166.964,"Europe & Central Asia","MKD",0,0
"North Macedonia",2011,88.918,14405.345,16200.692,"Europe & Central Asia","MKD",0,0
"North Macedonia",2012,91.373,13744.262,15041.899,"Europe & Central Asia","MKD",0,0
"North Macedonia",2013,86.306,12413.786,14383.441,"Europe & Central Asia","MKD",0,0
"North Macedonia",2014,88.142,11771.658,13355.293,"Europe & Central Asia","MKD",0,0
"North Macedonia",2015,82.376,11546.871,14017.299,"Europe & Central Asia","MKD",0,0
"North Macedonia",2016,82.809,12031.926,14529.675,"Europe & Central Asia","MKD",0,0
"North Macedonia",2017,88.897,12465.775,14022.744,"Europe & Central Asia","MKD",0,0
"North Macedonia",2018,83.176,11596.789,13942.511,"Europe & Central Asia","MKD",0,0
"North Macedonia",2019,89.289,13321.522,14919.496,"Europe & Central Asia","MKD",0,0
"Norway",2005,31.606,36639.345,115926.929,"Europe & Central Asia","NOR",0,0
"Norway",2006,34.637,36496.975,105370.294,"Europe & Central Asia","NOR",0,0
"Norway",2007,32.053,35864.035,111888.058,"Europe & Central Asia","NOR",0,0
"Norway",2008,31.27,35420.039,113272.157,"Europe & Central Asia","NOR",1,0
"Norway",2009,33.344,34504.301,103478.749,"Europe & Central Asia","NOR",1,0
"Norway",2010,35.978,35536.164,98771.881,"Europe & Central Asia","NOR",1,0
"Norway",2011,34.952,34459.101,98589.015,"Europe & Central Asia","NOR",1,0
"Norway",2012,31.238,33669.127,107783.802,"Europe & Central Asia","NOR",1,0
"Norway",2013,33.664,33520.363,99572.271,"Europe & Central Asia","NOR",1,0
"Norway",2014,32.14,32464.844,101010.521,"Europe & Central Asia","NOR",1,0
"Norway",2015,32.328,32710.201,101181.008,"Europe & Central Asia","NOR",1,0
"Norway",2016,30.778,31166.724,101263.059,"Europe & Central Asia","NOR",1,0
"Norway",2017,30.933,31181.136,100801.799,"Europe & Central Asia","NOR",1,0
"Norway",2018,31.878,31589.415,99093.421,"Europe & Central Asia","NOR",1,0
"Norway",2019,32.93,30045.173,91240.272,"Europe & Central Asia","NOR",1,0
"Oman",2005,100,63451.439,63451.439,"Middle East & North Africa","OMN",0,0
"Oman",2006,100,67441.436,67441.436,"Middle East & North Africa","OMN",0,0
"Oman",2007,100,65316.124,65316.124,"Middle East & North Africa","OMN",0,0
"Oman",2008,100,74075.833,74075.833,"Middle East & North Africa","OMN",0,0
"Oman",2009,100,70987.832,70987.832,"Middle East & North Africa","OMN",1,0
"Oman",2010,100,78880.424,78880.424,"Middle East & North Africa","OMN",1,0
"Oman",2011,100,80606.8,80606.8,"Middle East & North Africa","OMN",1,0
"Oman",2012,100,81442.269,81442.269,"Middle East & North Africa","OMN",1,0
"Oman",2013,99.999,84551.291,84552.107,"Middle East & North Africa","OMN",1,0
"Oman",2014,99.999,78698.575,78699.333,"Middle East & North Africa","OMN",1,0
"Oman",2015,99.997,78462.706,78464.9,"Middle East & North Africa","OMN",1,0
"Oman",2016,99.997,75029.683,75031.772,"Middle East & North Africa","OMN",1,0
"Oman",2017,99.998,79941.997,79943.989,"Middle East & North Africa","OMN",1,0
"Oman",2018,99.998,85501.58,85503.513,"Middle East & North Africa","OMN",1,1
"Oman",2019,99.998,84530.613,84532.482,"Middle East & North Africa","OMN",1,1
"Pakistan",2005,86.046,3439.113,3996.833,"South Asia","PAK",1,0
"Pakistan",2006,87.035,3586.605,4120.859,"South Asia","PAK",1,0
"Pakistan",2007,87.437,3745.256,4283.397,"South Asia","PAK",1,0
"Pakistan",2008,89.383,3766.082,4213.413,"South Asia","PAK",1,0
"Pakistan",2009,88.793,3705.863,4173.606,"South Asia","PAK",1,0
"Pakistan",2010,88.528,3629.346,4099.672,"South Asia","PAK",1,0
"Pakistan",2011,87.812,3519.848,4008.38,"South Asia","PAK",1,0
"Pakistan",2012,94.919,3475.829,3661.881,"South Asia","PAK",1,0
"Pakistan",2013,81.687,3419.121,4185.638,"South Asia","PAK",1,0
"Pakistan",2014,87.558,3454.017,3944.827,"South Asia","PAK",1,0
"Pakistan",2015,87.877,3577.26,4070.761,"South Asia","PAK",1,0
"Pakistan",2016,87.825,3818.055,4347.326,"South Asia","PAK",1,0
"Pakistan",2017,88.656,3992.223,4503.049,"South Asia","PAK",1,1
"Pakistan",2018,88.662,4035.579,4551.648,"South Asia","PAK",1,1
"Pakistan",2019,86.979,3972.238,4566.901,"South Asia","PAK",1,1
"Peru",2005,69.491,4036.056,5808.023,"Latin America & Caribbean","PER",0,0
"Peru",2006,66.75,3873.533,5803.033,"Latin America & Caribbean","PER",0,0
"Peru",2007,69.813,4406.05,6311.251,"Latin America & Caribbean","PER",0,0
"Peru",2008,72.682,4910.815,6756.58,"Latin America & Caribbean","PER",0,0
"Peru",2009,72.037,4947.978,6868.653,"Latin America & Caribbean","PER",0,0
"Peru",2010,74.727,5736.938,7677.239,"Latin America & Caribbean","PER",0,0
"Peru",2011,76.123,6543.831,8596.346,"Latin America & Caribbean","PER",0,0
"Peru",2012,75.441,6510.341,8629.682,"Latin America & Caribbean","PER",1,0
"Peru",2013,75.34,6597.295,8756.718,"Latin America & Caribbean","PER",1,0
"Peru",2014,75.626,6697.107,8855.557,"Latin America & Caribbean","PER",1,0
"Peru",2015,75.781,7056.725,9312.026,"Latin America & Caribbean","PER",1,0
"Peru",2016,77.031,7508.974,9748.041,"Latin America & Caribbean","PER",1,0
"Peru",2017,72.427,6958.024,9606.984,"Latin America & Caribbean","PER",1,0
"Peru",2018,71.708,7104.728,9907.861,"Latin America & Caribbean","PER",1,0
"Peru",2019,71.207,7066.682,9924.199,"Latin America & Caribbean","PER",1,1
"Philippines",2005,84.222,3046.137,3616.81,"East Asia & Pacific","PHL",0,0
"Philippines",2006,81.93,2822.687,3445.228,"East Asia & Pacific","PHL",0,0
"Philippines",2007,84,2959.831,3523.595,"East Asia & Pacific","PHL",0,0
"Philippines",2008,83.066,2974.241,3580.558,"East Asia & Pacific","PHL",1,0
"Philippines",2009,83.167,2959.912,3558.993,"East Asia & Pacific","PHL",1,0
"Philippines",2010,85.557,3087.354,3608.538,"East Asia & Pacific","PHL",1,0
"Philippines",2011,84.372,3051.841,3617.133,"East Asia & Pacific","PHL",1,0
"Philippines",2012,84.054,3085.479,3670.817,"East Asia & Pacific","PHL",1,0
"Philippines",2013,85.611,3313.041,3869.857,"East Asia & Pacific","PHL",1,0
"Philippines",2014,86.366,3458.631,4004.631,"East Asia & Pacific","PHL",1,0
"Philippines",2015,86.837,3752.183,4320.974,"East Asia & Pacific","PHL",1,0
"Philippines",2016,87.37,4061.532,4648.659,"East Asia & Pacific","PHL",1,0
"Philippines",2017,87.942,4419.328,5025.291,"East Asia & Pacific","PHL",1,0
"Philippines",2018,88.236,4495.219,5094.519,"East Asia & Pacific","PHL",1,1
"Philippines",2019,88.331,4593.292,5200.079,"East Asia & Pacific","PHL",1,1
"Poland",2005,98.971,27424.768,27709.977,"Europe & Central Asia","POL",0,0
"Poland",2006,98.875,28759.339,29086.586,"Europe & Central Asia","POL",0,0
"Poland",2007,98.598,28587.452,28993.839,"Europe & Central Asia","POL",0,0
"Poland",2008,98.002,28894.171,29483.221,"Europe & Central Asia","POL",0,0
"Poland",2009,97.241,27641.039,28425.395,"Europe & Central Asia","POL",0,0
"Poland",2010,96.908,29373.856,30311.204,"Europe & Central Asia","POL",0,0
"Poland",2011,96.4,29396.781,30494.54,"Europe & Central Asia","POL",0,0
"Poland",2012,95.379,28243.827,29612.118,"Europe & Central Asia","POL",0,0
"Poland",2013,95.393,28379.488,29749.993,"Europe & Central Asia","POL",1,0
"Poland",2014,94.631,27152.658,28693.19,"Europe & Central Asia","POL",1,0
"Poland",2015,94.11,27326.361,29036.679,"Europe & Central Asia","POL",1,1
"Poland",2016,94.576,28704.653,30350.815,"Europe & Central Asia","POL",1,1
"Poland",2017,94.374,29806.454,31583.28,"Europe & Central Asia","POL",1,1
"Poland",2018,94.306,30278.314,32106.322,"Europe & Central Asia","POL",1,1
"Poland",2019,93.263,29243.099,31355.418,"Europe & Central Asia","POL",1,1
"Portugal",2005,92.496,25966.697,28073.391,"Europe & Central Asia","PRT",0,0
"Portugal",2006,85.377,23606.353,27649.613,"Europe & Central Asia","PRT",0,0
"Portugal",2007,84.837,23561.033,27772.076,"Europe & Central Asia","PRT",0,0
"Portugal",2008,85.805,22965.103,26764.42,"Europe & Central Asia","PRT",0,0
"Portugal",2009,82.262,22134.061,26906.628,"Europe & Central Asia","PRT",0,0
"Portugal",2010,74.023,20905.498,28241.897,"Europe & Central Asia","PRT",0,0
"Portugal",2011,76.882,20787.133,27037.609,"Europe & Central Asia","PRT",1,0
"Portugal",2012,79.656,19770.16,24819.293,"Europe & Central Asia","PRT",1,0
"Portugal",2013,72.451,19752.226,27262.918,"Europe & Central Asia","PRT",1,0
"Portugal",2014,70.933,19568.951,27588.124,"Europe & Central Asia","PRT",1,0
"Portugal",2015,76.995,21221.614,27562.39,"Europe & Central Asia","PRT",1,0
"Portugal",2016,71.939,20957.595,29132.501,"Europe & Central Asia","PRT",1,0
"Portugal",2017,80.091,23225.223,28998.655,"Europe & Central Asia","PRT",1,0
"Portugal",2018,74.476,21723.837,29169.073,"Europe & Central Asia","PRT",1,0
"Portugal",2019,75.546,21400.891,28328.318,"Europe & Central Asia","PRT",1,0
"Qatar",2005,100,259410.061,259410.061,"Middle East & North Africa","QAT",0,0
"Qatar",2006,100,231087.521,231087.521,"Middle East & North Africa","QAT",0,0
"Qatar",2007,100,212247.157,212247.157,"Middle East & North Africa","QAT",0,0
"Qatar",2008,100,198947.266,198947.266,"Middle East & North Africa","QAT",0,0
"Qatar",2009,100,174526.663,174526.663,"Middle East & North Africa","QAT",1,0
"Qatar",2010,100,181044.002,181044.002,"Middle East & North Africa","QAT",1,0
"Qatar",2011,99.923,190849.442,190997.01,"Middle East & North Africa","QAT",1,0
"Qatar",2012,99.932,200840.555,200976.542,"Middle East & North Africa","QAT",1,0
"Qatar",2013,99.936,202979.058,203108.982,"Middle East & North Africa","QAT",1,0
"Qatar",2014,99.939,207250.941,207376.531,"Middle East & North Africa","QAT",1,1
"Qatar",2015,99.946,221514.063,221633.7,"Middle East & North Africa","QAT",1,1
"Qatar",2016,99.944,208732.306,208849.051,"Middle East & North Africa","QAT",1,1
"Qatar",2017,99.942,195860.23,195973.265,"Middle East & North Africa","QAT",1,1
"Qatar",2018,99.945,198692.968,198803.039,"Middle East & North Africa","QAT",1,1
"Qatar",2019,99.946,198310.388,198418.117,"Middle East & North Africa","QAT",1,1
"Romania",2005,84.749,17983.492,21219.833,"Europe & Central Asia","ROU",0,0
"Romania",2006,86.182,18837.679,21857.943,"Europe & Central Asia","ROU",0,0
"Romania",2007,85.833,18281.368,21298.695,"Europe & Central Asia","ROU",0,0
"Romania",2008,82.993,17884.178,21549.101,"Europe & Central Asia","ROU",0,0
"Romania",2009,81.257,15434.396,18994.459,"Europe & Central Asia","ROU",0,0
"Romania",2010,78.575,15155.112,19287.348,"Europe & Central Asia","ROU",0,0
"Romania",2011,81.513,16242.485,19926.163,"Europe & Central Asia","ROU",0,0
"Romania",2012,82.031,15808.015,19270.679,"Europe & Central Asia","ROU",1,0
"Romania",2013,77.185,13901.077,18010.158,"Europe & Central Asia","ROU",1,0
"Romania",2014,74.696,14000.409,18743.192,"Europe & Central Asia","ROU",1,0
"Romania",2015,74.133,14038.996,18937.68,"Europe & Central Asia","ROU",1,0
"Romania",2016,73.733,14055.363,19062.626,"Europe & Central Asia","ROU",1,0
"Romania",2017,75.869,14832.639,19550.344,"Europe & Central Asia","ROU",1,0
"Romania",2018,75.26,15102.685,20067.332,"Europe & Central Asia","ROU",1,0
"Romania",2019,75.623,14871.376,19665.135,"Europe & Central Asia","ROU",1,0
"Russia",2005,88.38,45927.729,51965.965,"Europe & Central Asia","RUS",0,0
"Russia",2006,88.668,48161.189,54316.542,"Europe & Central Asia","RUS",1,0
"Russia",2007,88.556,48435.673,54694.896,"Europe & Central Asia","RUS",1,0
"Russia",2008,88.988,48896.424,54947.316,"Europe & Central Asia","RUS",1,0
"Russia",2009,88.132,45979.679,52171.609,"Europe & Central Asia","RUS",1,0
"Russia",2010,88.686,48065.061,54197.161,"Europe & Central Asia","RUS",1,0
"Russia",2011,89.141,49824.567,55893.921,"Europe & Central Asia","RUS",1,0
"Russia",2012,89.073,49797.088,55905.837,"Europe & Central Asia","RUS",1,0
"Russia",2013,88.59,48777.447,55059.972,"Europe & Central Asia","RUS",1,0
"Russia",2014,88.672,48877.664,55122.079,"Europe & Central Asia","RUS",1,0
"Russia",2015,88.206,47555.616,53914.33,"Europe & Central Asia","RUS",1,0
"Russia",2016,87.966,48373.099,54990.735,"Europe & Central Asia","RUS",1,0
"Russia",2017,87.858,48417.978,55109.15,"Europe & Central Asia","RUS",1,1
"Russia",2018,88.186,50488.899,57252.662,"Europe & Central Asia","RUS",1,1
"Russia",2019,87.881,49878.388,56756.466,"Europe & Central Asia","RUS",1,1
"Saudi Arabia",2005,100,76188.749,76188.749,"Middle East & North Africa","SAU",0,0
"Saudi Arabia",2006,100,76898.453,76898.453,"Middle East & North Africa","SAU",0,0
"Saudi Arabia",2007,100,78054.698,78054.698,"Middle East & North Africa","SAU",0,0
"Saudi Arabia",2008,100,82802.329,82802.391,"Middle East & North Africa","SAU",0,0
"Saudi Arabia",2009,100,84842.615,84842.675,"Middle East & North Africa","SAU",1,0
"Saudi Arabia",2010,100,90324.139,90324.528,"Middle East & North Africa","SAU",1,0
"Saudi Arabia",2011,99.999,90445.989,90446.444,"Middle East & North Africa","SAU",1,0
"Saudi Arabia",2012,99.998,92966.938,92969.021,"Middle East & North Africa","SAU",1,0
"Saudi Arabia",2013,99.996,90562.84,90566.168,"Middle East & North Africa","SAU",1,0
"Saudi Arabia",2014,99.996,94357.848,94361.321,"Middle East & North Africa","SAU",1,0
"Saudi Arabia",2015,99.989,94872.24,94882.544,"Middle East & North Africa","SAU",1,0
"Saudi Arabia",2016,99.989,93973.664,93983.678,"Middle East & North Africa","SAU",1,0
"Saudi Arabia",2017,99.987,92349.729,92361.458,"Middle East & North Africa","SAU",1,1
"Saudi Arabia",2018,99.969,89877.206,89905.309,"Middle East & North Africa","SAU",1,1
"Saudi Arabia",2019,99.856,89323.243,89451.938,"Middle East & North Africa","SAU",1,1
"Singapore",2005,99.766,128390.147,128691.329,"East Asia & Pacific","SGP",0,0
"Singapore",2006,99.79,136942.554,137230.231,"East Asia & Pacific","SGP",0,0
"Singapore",2007,99.798,141361.823,141648.163,"East Asia & Pacific","SGP",0,0
"Singapore",2008,99.801,144190.166,144478.22,"East Asia & Pacific","SGP",1,0
"Singapore",2009,99.813,149125.772,149405.008,"East Asia & Pacific","SGP",1,0
"Singapore",2010,99.807,155134.304,155434.242,"East Asia & Pacific","SGP",1,0
"Singapore",2011,99.809,157222.94,157523.282,"East Asia & Pacific","SGP",1,0
"Singapore",2012,99.801,154788.476,155097.388,"East Asia & Pacific","SGP",1,0
"Singapore",2013,99.784,155702.35,156039.524,"East Asia & Pacific","SGP",1,0
"Singapore",2014,99.777,158086.877,158440.836,"East Asia & Pacific","SGP",1,0
"Singapore",2015,99.766,166102.578,166492.095,"East Asia & Pacific","SGP",1,0
"Singapore",2016,99.768,170491.59,170887.453,"East Asia & Pacific","SGP",1,0
"Singapore",2017,99.775,174240.389,174633.547,"East Asia & Pacific","SGP",1,1
"Singapore",2018,99.777,173539.363,173926.906,"East Asia & Pacific","SGP",1,1
"Singapore",2019,99.761,169480.302,169886.083,"East Asia & Pacific","SGP",1,1
"Slovakia",2005,73.111,30245.935,41370.148,"Europe & Central Asia","SVK",0,0
"Slovakia",2006,71.62,28575.71,39898.806,"Europe & Central Asia","SVK",0,0
"Slovakia",2007,73.179,27385.457,37422.711,"Europe & Central Asia","SVK",0,0
"Slovakia",2008,72.689,28149.667,38726.074,"Europe & Central Asia","SVK",0,0
"Slovakia",2009,73.221,25807.135,35245.335,"Europe & Central Asia","SVK",0,0
"Slovakia",2010,73.249,27473.142,37506.643,"Europe & Central Asia","SVK",0,0
"Slovakia",2011,71.989,25937.04,36029.275,"Europe & Central Asia","SVK",0,0
"Slovakia",2012,70.679,24427.31,34561.021,"Europe & Central Asia","SVK",0,0
"Slovakia",2013,70.045,24774.245,35369.25,"Europe & Central Asia","SVK",0,0
"Slovakia",2014,67.994,22373.361,32904.985,"Europe & Central Asia","SVK",0,0
"Slovakia",2015,69.023,22895.916,33171.6,"Europe & Central Asia","SVK",0,0
"Slovakia",2016,69.499,23124.719,33273.469,"Europe & Central Asia","SVK",0,0
"Slovakia",2017,70.889,24917.954,35150.55,"Europe & Central Asia","SVK",0,0
"Slovakia",2018,71.867,24839.601,34563.497,"Europe & Central Asia","SVK",0,0
"Slovakia",2019,69.798,23353.25,33458.196,"Europe & Central Asia","SVK",0,0
"Slovenia",2005,69.791,29452.624,42200.881,"Europe & Central Asia","SVN",0,0
"Slovenia",2006,70.877,30080.2,42439.93,"Europe & Central Asia","SVN",0,0
"Slovenia",2007,71.322,29963.192,42011.379,"Europe & Central Asia","SVN",0,0
"Slovenia",2008,69.468,31743.759,45695.764,"Europe & Central Asia","SVN",0,0
"Slovenia",2009,66.82,28014.376,41925.357,"Europe & Central Asia","SVN",0,0
"Slovenia",2010,67.629,28287.435,41827.531,"Europe & Central Asia","SVN",0,0
"Slovenia",2011,67.991,27525.724,40484.283,"Europe & Central Asia","SVN",0,0
"Slovenia",2012,67.765,26544.907,39172.019,"Europe & Central Asia","SVN",0,0
"Slovenia",2013,65.666,25346.296,38598.664,"Europe & Central Asia","SVN",0,0
"Slovenia",2014,58.804,23161.963,39388.466,"Europe & Central Asia","SVN",0,0
"Slovenia",2015,65.182,23189.789,35576.905,"Europe & Central Asia","SVN",0,0
"Slovenia",2016,65.296,24778.819,37948.446,"Europe & Central Asia","SVN",0,0
"Slovenia",2017,65.923,25290.175,38362.979,"Europe & Central Asia","SVN",0,0
"Slovenia",2018,65.21,25478.823,39071.931,"Europe & Central Asia","SVN",0,0
"Slovenia",2019,64.312,24082.503,37446.178,"Europe & Central Asia","SVN",0,0
"South Africa",2005,97.291,26390.789,27125.54,"Sub-Saharan Africa","ZAF",0,0
"South Africa",2006,97.305,26586.187,27322.642,"Sub-Saharan Africa","ZAF",0,0
"South Africa",2007,97.14,26901.955,27693.921,"Sub-Saharan Africa","ZAF",0,0
"South Africa",2008,97.328,28516.274,29299.118,"Sub-Saharan Africa","ZAF",0,0
"South Africa",2009,97.338,28046.815,28813.943,"Sub-Saharan Africa","ZAF",0,0
"South Africa",2010,97.315,27911.996,28682.125,"Sub-Saharan Africa","ZAF",0,0
"South Africa",2011,97.049,27032.388,27854.374,"Sub-Saharan Africa","ZAF",0,0
"South Africa",2012,97.376,26294.43,27002.884,"Sub-Saharan Africa","ZAF",1,0
"South Africa",2013,97.145,25907.202,26668.671,"Sub-Saharan Africa","ZAF",1,0
"South Africa",2014,96.792,25730.317,26582.981,"Sub-Saharan Africa","ZAF",1,0
"South Africa",2015,96.498,24419.394,25305.576,"Sub-Saharan Africa","ZAF",1,0
"South Africa",2016,95.777,25075.617,26181.141,"Sub-Saharan Africa","ZAF",1,0
"South Africa",2017,95.289,24383.752,25589.345,"Sub-Saharan Africa","ZAF",1,0
"South Africa",2018,95.874,24400.021,25450.067,"Sub-Saharan Africa","ZAF",1,1
"South Africa",2019,95.382,24436.722,25619.735,"Sub-Saharan Africa","ZAF",1,1
"South Korea",2005,84.573,45693.894,54029.168,"East Asia & Pacific","KOR",0,0
"South Korea",2006,84.709,46336.657,54701.039,"East Asia & Pacific","KOR",0,0
"South Korea",2007,85.76,48242.685,56253.257,"East Asia & Pacific","KOR",0,0
"South Korea",2008,85.315,48749.599,57140.57,"East Asia & Pacific","KOR",0,0
"South Korea",2009,85.66,48990.941,57192.508,"East Asia & Pacific","KOR",0,0
"South Korea",2010,86.515,53050.826,61319.792,"East Asia & Pacific","KOR",0,0
"South Korea",2011,86.575,55235.251,63800.725,"East Asia & Pacific","KOR",0,0
"South Korea",2012,87.133,55798.096,64037.778,"East Asia & Pacific","KOR",0,0
"South Korea",2013,87.992,56073.18,63725.285,"East Asia & Pacific","KOR",1,0
"South Korea",2014,86.725,55396.081,63875.478,"East Asia & Pacific","KOR",1,0
"South Korea",2015,86.196,55921.727,64877.45,"East Asia & Pacific","KOR",1,0
"South Korea",2016,86.535,57338.182,66260.338,"East Asia & Pacific","KOR",1,0
"South Korea",2017,87.47,58835.897,67263.88,"East Asia & Pacific","KOR",1,0
"South Korea",2018,88.309,60159.877,68124.293,"East Asia & Pacific","KOR",1,0
"South Korea",2019,86.94,58322.54,67083.32,"East Asia & Pacific","KOR",1,0
"Spain",2005,84.858,34383.294,40518.532,"Europe & Central Asia","ESP",0,0
"Spain",2006,83.305,33684.902,40435.39,"Europe & Central Asia","ESP",0,0
"Spain",2007,83.584,33940.21,40605.988,"Europe & Central Asia","ESP",0,0
"Spain",2008,82.005,31904.956,38906.039,"Europe & Central Asia","ESP",0,0
"Spain",2009,79.754,28368.371,35569.924,"Europe & Central Asia","ESP",0,0
"Spain",2010,74.72,27033.967,36180.182,"Europe & Central Asia","ESP",0,0
"Spain",2011,76.414,27039.627,35385.74,"Europe & Central Asia","ESP",0,0
"Spain",2012,75.446,26563,35208.083,"Europe & Central Asia","ESP",0,0
"Spain",2013,71.949,24046.948,33422.014,"Europe & Central Asia","ESP",0,0
"Spain",2014,71.551,23533.93,32891.337,"Europe & Central Asia","ESP",0,0
"Spain",2015,74.208,24789.085,33404.785,"Europe & Central Asia","ESP",1,0
"Spain",2016,73.087,24662.235,33743.666,"Europe & Central Asia","ESP",1,0
"Spain",2017,76.13,26017.523,34175.29,"Europe & Central Asia","ESP",1,0
"Spain",2018,74.124,25657.306,34614.026,"Europe & Central Asia","ESP",1,0
"Spain",2019,73.927,25138.334,34004.435,"Europe & Central Asia","ESP",1,0
"Sri Lanka",2005,83.743,2459.155,2936.552,"South Asia","LKA",0,0
"Sri Lanka",2006,80.066,2536.164,3167.605,"South Asia","LKA",1,0
"Sri Lanka",2007,83.418,2670.869,3201.778,"South Asia","LKA",1,0
"Sri Lanka",2008,81.52,2420.822,2969.608,"South Asia","LKA",1,0
"Sri Lanka",2009,83.19,2531.892,3043.497,"South Asia","LKA",1,0
"Sri Lanka",2010,77.202,2500.152,3238.458,"South Asia","LKA",1,0
"Sri Lanka",2011,82.27,2780.114,3379.239,"South Asia","LKA",1,0
"Sri Lanka",2012,87.091,2946.116,3382.808,"South Asia","LKA",1,0
"Sri Lanka",2013,73.878,2524.707,3417.39,"South Asia","LKA",1,0
"Sri Lanka",2014,80.366,2457.606,3058.006,"South Asia","LKA",1,1
"Sri Lanka",2015,79.873,3086.982,3864.875,"South Asia","LKA",1,1
"Sri Lanka",2016,86.18,3529.576,4095.598,"South Asia","LKA",1,1
"Sri Lanka",2017,87.089,3743.13,4298.055,"South Asia","LKA",1,1
"Sri Lanka",2018,81.546,3721.786,4564.024,"South Asia","LKA",1,1
"Sri Lanka",2019,85.948,4015.15,4671.618,"South Asia","LKA",1,1
"Sweden",2005,37.071,27082.828,73055.95,"Europe & Central Asia","SWE",0,0
"Sweden",2006,40.274,27492.732,68263.473,"Europe & Central Asia","SWE",0,0
"Sweden",2007,38.649,26527.485,68637.585,"Europe & Central Asia","SWE",0,0
"Sweden",2008,37.37,25013.002,66933.736,"Europe & Central Asia","SWE",0,0
"Sweden",2009,38.424,23355.199,60782.803,"Europe & Central Asia","SWE",0,0
"Sweden",2010,38.279,24452.406,63880.03,"Europe & Central Asia","SWE",0,0
"Sweden",2011,35.401,22156.629,62587.613,"Europe & Central Asia","SWE",0,0
"Sweden",2012,32.146,21141.611,65767.264,"Europe & Central Asia","SWE",0,0
"Sweden",2013,33.911,20773.267,61258.038,"Europe & Central Asia","SWE",0,0
"Sweden",2014,32.924,19918.423,60498.194,"Europe & Central Asia","SWE",0,0
"Sweden",2015,31.568,19541.14,61901.949,"Europe & Central Asia","SWE",0,0
"Sweden",2016,33.048,19987.649,60480.052,"Europe & Central Asia","SWE",0,0
"Sweden",2017,31.761,19685.242,61979.856,"Europe & Central Asia","SWE",0,0
"Sweden",2018,31.368,18930.934,60350.691,"Europe & Central Asia","SWE",1,0
"Sweden",2019,31.112,19303.846,62046.921,"Europe & Central Asia","SWE",1,0
"Switzerland",2005,55.004,24684.485,44877.249,"Europe & Central Asia","CHE",0,0
"Switzerland",2006,53.701,24842.501,46260.974,"Europe & Central Asia","CHE",0,0
"Switzerland",2007,49.886,22525.749,45154.441,"Europe & Central Asia","CHE",0,0
"Switzerland",2008,51.339,23692.832,46150.031,"Europe & Central Asia","CHE",0,0
"Switzerland",2009,51.733,23529.254,45481.891,"Europe & Central Asia","CHE",1,0
"Switzerland",2010,51.104,22345.943,43726.51,"Europe & Central Asia","CHE",1,0
"Switzerland",2011,51.279,21028.327,41007.668,"Europe & Central Asia","CHE",1,0
"Switzerland",2012,50.164,21429.195,42718.54,"Europe & Central Asia","CHE",1,0
"Switzerland",2013,51.229,22183.239,43302.291,"Europe & Central Asia","CHE",1,0
"Switzerland",2014,47.912,19543.586,40790.911,"Europe & Central Asia","CHE",1,0
"Switzerland",2015,50.088,19760.844,39452.313,"Europe & Central Asia","CHE",1,0
"Switzerland",2016,51.437,18902.778,36749.343,"Europe & Central Asia","CHE",1,0
"Switzerland",2017,52.322,19100.62,36505.859,"Europe & Central Asia","CHE",1,0
"Switzerland",2018,49.498,18191.128,36751.572,"Europe & Central Asia","CHE",1,0
"Switzerland",2019,50.524,18462.576,36542.174,"Europe & Central Asia","CHE",1,0
"Taiwan",2005,90.026,49077.873,54515.3,"East Asia & Pacific","TWN",0,0
"Taiwan",2006,90.252,49968.165,55365.325,"East Asia & Pacific","TWN",0,0
"Taiwan",2007,90.46,51942.776,57420.573,"East Asia & Pacific","TWN",0,0
"Taiwan",2008,89.929,48679.8,54131.623,"East Asia & Pacific","TWN",0,0
"Taiwan",2009,89.764,47655.618,53090.106,"East Asia & Pacific","TWN",0,0
"Taiwan",2010,90.192,50365.867,55842.777,"East Asia & Pacific","TWN",0,0
"Taiwan",2011,89.981,49526.156,55040.453,"East Asia & Pacific","TWN",0,0
"Taiwan",2012,90.049,49429.965,54892.403,"East Asia & Pacific","TWN",0,0
"Taiwan",2013,90.047,50319.527,55881.33,"East Asia & Pacific","TWN",0,0
"Taiwan",2014,90.372,51523.748,57012.988,"East Asia & Pacific","TWN",0,0
"Taiwan",2015,91.353,51369.194,56231.804,"East Asia & Pacific","TWN",0,0
"Taiwan",2016,92.024,52476.71,57025.065,"East Asia & Pacific","TWN",0,0
"Taiwan",2017,93.867,53596.334,57098.406,"East Asia & Pacific","TWN",0,0
"Taiwan",2018,93.008,53689.499,57725.962,"East Asia & Pacific","TWN",0,0
"Taiwan",2019,91.5,51428.304,56205.531,"East Asia & Pacific","TWN",0,0
"Thailand",2005,97.997,15452.026,15767.92,"East Asia & Pacific","THA",0,0
"Thailand",2006,97.379,15498.017,15915.141,"East Asia & Pacific","THA",0,0
"Thailand",2007,97.316,16097.098,16541.019,"East Asia & Pacific","THA",0,0
"Thailand",2008,97.309,16199.632,16647.535,"East Asia & Pacific","THA",0,0
"Thailand",2009,97.221,16661.468,17137.773,"East Asia & Pacific","THA",0,0
"Thailand",2010,97.483,17675.982,18132.33,"East Asia & Pacific","THA",1,0
"Thailand",2011,96.878,18164.98,18750.443,"East Asia & Pacific","THA",1,0
"Thailand",2012,96.591,19268.543,19948.574,"East Asia & Pacific","THA",1,0
"Thailand",2013,96.605,19497.057,20182.209,"East Asia & Pacific","THA",1,0
"Thailand",2014,96.207,19864.579,20647.734,"East Asia & Pacific","THA",1,0
"Thailand",2015,96.281,20416.839,21205.545,"East Asia & Pacific","THA",1,0
"Thailand",2016,95.963,20715.064,21586.529,"East Asia & Pacific","THA",1,0
"Thailand",2017,95.321,20853.322,21876.93,"East Asia & Pacific","THA",1,1
"Thailand",2018,94.412,21153.479,22405.478,"East Asia & Pacific","THA",1,1
"Thailand",2019,93.815,21013.216,22398.508,"East Asia & Pacific","THA",1,1
"Trinidad & Tobago",2005,99.964,141869.497,141920.013,"Latin America & Caribbean","TTO",0,0
"Trinidad & Tobago",2006,99.964,164810.384,164869.23,"Latin America & Caribbean","TTO",0,0
"Trinidad & Tobago",2007,99.974,169317.753,169362.189,"Latin America & Caribbean","TTO",0,0
"Trinidad & Tobago",2008,99.972,166062.245,166108.712,"Latin America & Caribbean","TTO",0,0
"Trinidad & Tobago",2009,99.973,163814.43,163859.183,"Latin America & Caribbean","TTO",1,0
"Trinidad & Tobago",2010,99.996,176098.881,176106.743,"Latin America & Caribbean","TTO",1,0
"Trinidad & Tobago",2011,99.995,171903.191,171910.958,"Latin America & Caribbean","TTO",1,0
"Trinidad & Tobago",2012,99.995,168096.38,168104.048,"Latin America & Caribbean","TTO",1,0
"Trinidad & Tobago",2013,99.996,170077.543,170085.114,"Latin America & Caribbean","TTO",1,0
"Trinidad & Tobago",2014,99.995,168208.656,168217.042,"Latin America & Caribbean","TTO",1,0
"Trinidad & Tobago",2015,99.994,162254.883,162264.395,"Latin America & Caribbean","TTO",1,0
"Trinidad & Tobago",2016,99.993,143120.031,143129.432,"Latin America & Caribbean","TTO",1,0
"Trinidad & Tobago",2017,99.994,151208.261,151217.565,"Latin America & Caribbean","TTO",1,0
"Trinidad & Tobago",2018,99.994,142567.379,142575.73,"Latin America & Caribbean","TTO",1,0
"Trinidad & Tobago",2019,99.994,142110.53,142118.82,"Latin America & Caribbean","TTO",1,0
"Turkey",2005,89.199,13002.923,14577.476,"Europe & Central Asia","TUR",1,0
"Turkey",2006,89.142,14237.289,15971.411,"Europe & Central Asia","TUR",1,0
"Turkey",2007,91.697,15393.501,16787.288,"Europe & Central Asia","TUR",1,0
"Turkey",2008,92.235,15356.753,16649.648,"Europe & Central Asia","TUR",1,0
"Turkey",2009,91.569,15249.688,16653.802,"Europe & Central Asia","TUR",1,0
"Turkey",2010,88.376,15278.435,17287.952,"Europe & Central Asia","TUR",1,0
"Turkey",2011,88.717,16140.839,18193.543,"Europe & Central Asia","TUR",1,0
"Turkey",2012,88.096,16738.599,19000.302,"Europe & Central Asia","TUR",1,0
"Turkey",2013,87.097,16145.572,18537.419,"Europe & Central Asia","TUR",1,0
"Turkey",2014,90.672,17062.332,18817.632,"Europe & Central Asia","TUR",1,0
"Turkey",2015,86.611,17534.128,20244.577,"Europe & Central Asia","TUR",1,1
"Turkey",2016,86.336,18057.627,20915.628,"Europe & Central Asia","TUR",1,1
"Turkey",2017,87.604,19117.622,21822.855,"Europe & Central Asia","TUR",1,1
"Turkey",2018,85.997,18245.443,21216.411,"Europe & Central Asia","TUR",1,1
"Turkey",2019,81.426,17595.499,21609.123,"Europe & Central Asia","TUR",1,1
"Turkmenistan",2005,99.995,37138.113,37139.897,"Europe & Central Asia","TKM",0,0
"Turkmenistan",2006,99.995,37100.623,37102.376,"Europe & Central Asia","TKM",0,0
"Turkmenistan",2007,99.995,35557.222,35558.943,"Europe & Central Asia","TKM",1,0
"Turkmenistan",2008,99.994,28777.736,28779.423,"Europe & Central Asia","TKM",1,0
"Turkmenistan",2009,99.996,46244.531,46246.183,"Europe & Central Asia","TKM",1,0
"Turkmenistan",2010,99.997,49057.85,49059.548,"Europe & Central Asia","TKM",1,0
"Turkmenistan",2011,99.997,53534.711,53536.52,"Europe & Central Asia","TKM",1,0
"Turkmenistan",2012,99.996,57318.617,57320.639,"Europe & Central Asia","TKM",1,0
"Turkmenistan",2013,99.995,49987.317,49989.704,"Europe & Central Asia","TKM",1,0
"Turkmenistan",2014,99.994,50863.835,50866.755,"Europe & Central Asia","TKM",1,0
"Turkmenistan",2015,99.994,59802.538,59806.345,"Europe & Central Asia","TKM",1,0
"Turkmenistan",2016,99.992,58197.63,58202.13,"Europe & Central Asia","TKM",1,0
"Turkmenistan",2017,99.992,56630.189,56634.58,"Europe & Central Asia","TKM",1,0
"Turkmenistan",2018,99.993,62390.34,62394.636,"Europe & Central Asia","TKM",1,0
"Turkmenistan",2019,99.994,67654.188,67658.403,"Europe & Central Asia","TKM",1,0
"Ukraine",2005,82.918,28167.015,33969.828,"Europe & Central Asia","UKR",0,0
"Ukraine",2006,82.924,28727.098,34642.625,"Europe & Central Asia","UKR",0,0
"Ukraine",2007,82.952,28714.886,34616.261,"Europe & Central Asia","UKR",0,0
"Ukraine",2008,82.725,27840.552,33654.426,"Europe & Central Asia","UKR",0,0
"Ukraine",2009,81.09,23259.073,28682.901,"Europe & Central Asia","UKR",0,0
"Ukraine",2010,81.045,24964.42,30803.089,"Europe & Central Asia","UKR",0,0
"Ukraine",2011,82.057,26353.367,32116.005,"Europe & Central Asia","UKR",1,0
"Ukraine",2012,81.72,25679.804,31424.264,"Europe & Central Asia","UKR",1,0
"Ukraine",2013,81.377,24345.423,29916.651,"Europe & Central Asia","UKR",1,0
"Ukraine",2014,78.906,20838.404,26409.097,"Europe & Central Asia","UKR",1,0
"Ukraine",2015,75.663,16612.656,21956.256,"Europe & Central Asia","UKR",1,0
"Ukraine",2016,78.014,18038.444,23122.011,"Europe & Central Asia","UKR",1,0
"Ukraine",2017,74.832,16149.581,21581.083,"Europe & Central Asia","UKR",1,0
"Ukraine",2018,75.364,16760.751,22239.614,"Europe & Central Asia","UKR",1,1
"Ukraine",2019,75.112,16150.036,21501.22,"Europe & Central Asia","UKR",1,1
"United Arab Emirates",2005,100,154367.463,154367.463,"Middle East & North Africa","ARE",0,0
"United Arab Emirates",2006,100,140584.963,140584.963,"Middle East & North Africa","ARE",0,0
"United Arab Emirates",2007,100,133221.44,133221.44,"Middle East & North Africa","ARE",0,0
"United Arab Emirates",2008,100,132858.604,132858.604,"Middle East & North Africa","ARE",1,0
"United Arab Emirates",2009,99.998,117453.768,117455.873,"Middle East & North Africa","ARE",1,0
"United Arab Emirates",2010,99.995,113961.661,113967.28,"Middle East & North Africa","ARE",1,0
"United Arab Emirates",2011,99.995,114860.84,114866.835,"Middle East & North Africa","ARE",1,0
"United Arab Emirates",2012,99.994,118047.943,118054.773,"Middle East & North Africa","ARE",1,0
"United Arab Emirates",2013,99.98,123632.321,123656.541,"Middle East & North Africa","ARE",1,0
"United Arab Emirates",2014,99.929,122799.439,122887.108,"Middle East & North Africa","ARE",1,0
"United Arab Emirates",2015,99.935,134406.954,134493.854,"Middle East & North Africa","ARE",1,0
"United Arab Emirates",2016,99.933,138132.145,138225.234,"Middle East & North Africa","ARE",1,0
"United Arab Emirates",2017,99.849,137865.649,138074.557,"Middle East & North Africa","ARE",1,0
"United Arab Emirates",2018,99.754,138117.203,138458.249,"Middle East & North Africa","ARE",1,1
"United Arab Emirates",2019,99.229,136259.373,137317.77,"Middle East & North Africa","ARE",1,1
"United Kingdom",2005,90.182,40519.38,44930.901,"Europe & Central Asia","GBR",0,0
"United Kingdom",2006,90.574,39846.214,43992.766,"Europe & Central Asia","GBR",0,0
"United Kingdom",2007,91.38,38606.669,42248.3,"Europe & Central Asia","GBR",0,0
"United Kingdom",2008,91.932,37713.55,41023.238,"Europe & Central Asia","GBR",1,0
"United Kingdom",2009,89.309,34442.674,38565.938,"Europe & Central Asia","GBR",1,0
"United Kingdom",2010,90.18,35282.639,39124.539,"Europe & Central Asia","GBR",1,0
"United Kingdom",2011,87.962,32248.961,36662.356,"Europe & Central Asia","GBR",1,0
"United Kingdom",2012,87.449,32201.34,36823,"Europe & Central Asia","GBR",1,0
"United Kingdom",2013,86.08,31320.213,36384.994,"Europe & Central Asia","GBR",1,0
"United Kingdom",2014,84.728,28853.402,34054.03,"Europe & Central Asia","GBR",1,0
"United Kingdom",2015,82.249,28135.628,34208.031,"Europe & Central Asia","GBR",1,0
"United Kingdom",2016,81.99,27530.076,33577.337,"Europe & Central Asia","GBR",1,0
"United Kingdom",2017,80.45,26763.55,33267.134,"Europe & Central Asia","GBR",1,0
"United Kingdom",2018,79.649,26244.336,32950.188,"Europe & Central Asia","GBR",1,0
"United Kingdom",2019,79.158,25528.108,32249.735,"Europe & Central Asia","GBR",1,0
"United States",2005,87.772,79705.379,90809.188,"North America","USA",0,0
"United States",2006,87.257,77867.288,89239.243,"North America","USA",0,0
"United States",2007,87.504,78429.587,89629.957,"North America","USA",1,0
"United States",2008,86.725,75092.87,86587.174,"North America","USA",1,0
"United States",2009,85.654,69849.163,81548.356,"North America","USA",1,0
"United States",2010,85.862,71759.24,83575.469,"North America","USA",1,0
"United States",2011,85.014,69794.35,82097.03,"North America","USA",1,0
"United States",2012,85.087,67499.794,79330.565,"North America","USA",1,0
"United States",2013,84.942,68678.226,80853.407,"North America","USA",1,0
"United States",2014,84.88,68848.068,81112.618,"North America","USA",1,0
"United States",2015,84.66,67534.871,79771.642,"North America","USA",1,0
"United States",2016,83.836,66340.211,79130.818,"North America","USA",1,0
"United States",2017,83.173,65618.912,78894.41,"North America","USA",1,0
"United States",2018,83.582,67859.201,81188.359,"North America","USA",1,0
"United States",2019,83.263,66525.162,79897.151,"North America","USA",1,0
"Uzbekistan",2005,96.688,20430.954,21130.762,"Europe & Central Asia","UZB",0,0
"Uzbekistan",2006,96.991,18804.629,19387.978,"Europe & Central Asia","UZB",0,0
"Uzbekistan",2007,96.89,19640.713,20271.174,"Europe & Central Asia","UZB",1,0
"Uzbekistan",2008,97.768,18359.763,18778.834,"Europe & Central Asia","UZB",1,0
"Uzbekistan",2009,96.735,17953.252,18559.298,"Europe & Central Asia","UZB",1,0
"Uzbekistan",2010,95.87,17387.155,18136.2,"Europe & Central Asia","UZB",1,0
"Uzbekistan",2011,97.264,18191.89,18703.556,"Europe & Central Asia","UZB",1,0
"Uzbekistan",2012,96.904,17398.221,17954.06,"Europe & Central Asia","UZB",1,0
"Uzbekistan",2013,96.976,17198.326,17734.614,"Europe & Central Asia","UZB",1,0
"Uzbekistan",2014,97.146,17612.034,18129.365,"Europe & Central Asia","UZB",1,0
"Uzbekistan",2015,97.099,16482.494,16974.91,"Europe & Central Asia","UZB",1,0
"Uzbekistan",2016,96.276,15149.376,15735.437,"Europe & Central Asia","UZB",1,1
"Uzbekistan",2017,95.758,14882.573,15541.84,"Europe & Central Asia","UZB",1,1
"Uzbekistan",2018,97.114,15191.219,15642.664,"Europe & Central Asia","UZB",1,1
"Uzbekistan",2019,96.75,14534.125,15022.418,"Europe & Central Asia","UZB",1,1
"Venezuela",2005,75.664,24390.803,32235.781,"Latin America & Caribbean","VEN",0,0
"Venezuela",2006,77.026,27173.531,35278.352,"Latin America & Caribbean","VEN",0,0
"Venezuela",2007,76.855,26878.367,34972.919,"Latin America & Caribbean","VEN",0,0
"Venezuela",2008,76.759,27355.621,35638.321,"Latin America & Caribbean","VEN",0,0
"Venezuela",2009,77.036,26950.632,34984.443,"Latin America & Caribbean","VEN",0,0
"Venezuela",2010,78.382,25483.673,32512.027,"Latin America & Caribbean","VEN",1,0
"Venezuela",2011,77.71,26007.68,33467.535,"Latin America & Caribbean","VEN",1,0
"Venezuela",2012,79.08,27107.572,34278.464,"Latin America & Caribbean","VEN",1,0
"Venezuela",2013,78.243,25787.158,32957.863,"Latin America & Caribbean","VEN",1,0
"Venezuela",2014,78.871,24901.763,31572.89,"Latin America & Caribbean","VEN",1,0
"Venezuela",2015,79.708,24248.996,30422.2,"Latin America & Caribbean","VEN",1,0
"Venezuela",2016,81.312,22619.237,27817.912,"Latin America & Caribbean","VEN",1,0
"Venezuela",2017,81.306,21932.029,26974.738,"Latin America & Caribbean","VEN",1,0
"Venezuela",2018,79.22,18694.602,23598.421,"Latin America & Caribbean","VEN",1,1
"Venezuela",2019,74.609,16184.179,21691.926,"Latin America & Caribbean","VEN",1,1
"Vietnam",2005,87.693,3791.664,4323.812,"East Asia & Pacific","VNM",0,0
"Vietnam",2006,84.044,3290.507,3915.202,"East Asia & Pacific","VNM",1,0
"Vietnam",2007,83.472,3536.174,4236.34,"East Asia & Pacific","VNM",1,0
"Vietnam",2008,84.705,4414.289,5211.351,"East Asia & Pacific","VNM",1,0
"Vietnam",2009,82.765,4346.935,5252.145,"East Asia & Pacific","VNM",1,0
"Vietnam",2010,85.653,5065.531,5914.002,"East Asia & Pacific","VNM",1,0
"Vietnam",2011,81.978,5461.811,6662.563,"East Asia & Pacific","VNM",1,0
"Vietnam",2012,77.863,5388.221,6920.131,"East Asia & Pacific","VNM",1,0
"Vietnam",2013,77.622,5670.82,7305.724,"East Asia & Pacific","VNM",1,0
"Vietnam",2014,78.15,6182.864,7911.572,"East Asia & Pacific","VNM",1,0
"Vietnam",2015,81.939,7111.322,8678.806,"East Asia & Pacific","VNM",1,0
"Vietnam",2016,80.693,7445.571,9226.983,"East Asia & Pacific","VNM",1,0
"Vietnam",2017,75.823,7386.004,9741.061,"East Asia & Pacific","VNM",1,1
"Vietnam",2018,79.565,8607.678,10818.356,"East Asia & Pacific","VNM",1,1
"Vietnam",2019,84.784,10056.813,11861.738,"East Asia & Pacific","VNM",1,1
