"country","iso","year","lpi"
"Afghanistan","AFG",2007,1.21166935036926
"Afghanistan","AFG",2008,1.72741467518463
"Afghanistan","AFG",2009,1.72741467518463
"Afghanistan","AFG",2010,2.24316
"Afghanistan","AFG",2011,2.270216
"Afghanistan","AFG",2012,2.297272
"Afghanistan","AFG",2013,2.1834225
"Afghanistan","AFG",2014,2.069573
"Afghanistan","AFG",2015,2.1054275
"Afghanistan","AFG",2016,2.141282
"Afghanistan","AFG",2017,2.0449235
"Afghanistan","AFG",2018,1.948565
"Albania","ALB",2007,2.08137637586293
"Albania","ALB",2008,2.27021168793147
"Albania","ALB",2009,2.27021168793147
"Albania","ALB",2010,2.459047
"Albania","ALB",2011,2.6161325
"Albania","ALB",2012,2.773218
"Albania","ALB",2013,2.773218
"Albania","ALB",2014,NA
"Albania","ALB",2015,2.412498
"Albania","ALB",2016,2.412498
"Albania","ALB",2017,2.5360505
"Albania","ALB",2018,2.659603
"Algeria","DZA",2007,2.06338034910516
"Algeria","DZA",2008,2.21187667455258
"Algeria","DZA",2009,2.21187667455258
"Algeria","DZA",2010,2.360373
"Algeria","DZA",2011,2.3876085
"Algeria","DZA",2012,2.414844
"Algeria","DZA",2013,2.5321475
"Algeria","DZA",2014,2.649451
"Algeria","DZA",2015,2.709567
"Algeria","DZA",2016,2.769683
"Algeria","DZA",2017,2.608877
"Algeria","DZA",2018,2.448071
"Angola","AGO",2007,2.47752197378388
"Angola","AGO",2008,2.36243648689194
"Angola","AGO",2009,2.36243648689194
"Angola","AGO",2010,2.247351
"Angola","AGO",2011,2.2616855
"Angola","AGO",2012,2.27602
"Angola","AGO",2013,2.4095
"Angola","AGO",2014,2.54298
"Angola","AGO",2015,2.3920815
"Angola","AGO",2016,2.241183
"Angola","AGO",2017,2.1436705
"Angola","AGO",2018,2.046158
"Argentina","ARG",2007,2.98246765621821
"Argentina","ARG",2008,3.0410658281091
"Argentina","ARG",2009,3.0410658281091
"Argentina","ARG",2010,3.099664
"Argentina","ARG",2011,3.07319
"Argentina","ARG",2012,3.046716
"Argentina","ARG",2013,3.0165955
"Argentina","ARG",2014,2.986475
"Argentina","ARG",2015,2.974552
"Argentina","ARG",2016,2.962629
"Argentina","ARG",2017,2.9248065
"Argentina","ARG",2018,2.886984
"Armenia","ARM",2007,2.13681872715438
"Armenia","ARM",2008,2.33047286357719
"Armenia","ARM",2009,2.33047286357719
"Armenia","ARM",2010,2.524127
"Armenia","ARM",2011,2.544248
"Armenia","ARM",2012,2.564369
"Armenia","ARM",2013,2.618546
"Armenia","ARM",2014,2.672723
"Armenia","ARM",2015,2.439118
"Armenia","ARM",2016,2.205513
"Armenia","ARM",2017,2.40656
"Armenia","ARM",2018,2.607607
"Australia","AUS",2007,3.79033926812148
"Australia","AUS",2008,3.81547713406074
"Australia","AUS",2009,3.81547713406074
"Australia","AUS",2010,3.840615
"Australia","AUS",2011,3.7835575
"Australia","AUS",2012,3.7265
"Australia","AUS",2013,3.768638
"Australia","AUS",2014,3.810776
"Australia","AUS",2015,3.8020805
"Australia","AUS",2016,3.793385
"Australia","AUS",2017,3.772408
"Australia","AUS",2018,3.751431
"Austria","AUT",2007,4.06257364283823
"Austria","AUT",2008,3.91262232141912
"Austria","AUT",2009,3.91262232141912
"Austria","AUT",2010,3.762671
"Austria","AUT",2011,3.8265315
"Austria","AUT",2012,3.890392
"Austria","AUT",2013,3.7694895
"Austria","AUT",2014,3.648587
"Austria","AUT",2015,3.873286
"Austria","AUT",2016,4.097985
"Austria","AUT",2017,4.061995
"Austria","AUT",2018,4.026005
"Azerbaijan","AZE",2007,2.29099752604194
"Azerbaijan","AZE",2008,2.46527576302097
"Azerbaijan","AZE",2009,2.46527576302097
"Azerbaijan","AZE",2010,2.639554
"Azerbaijan","AZE",2011,2.560336
"Azerbaijan","AZE",2012,2.481118
"Azerbaijan","AZE",2013,2.464747
"Azerbaijan","AZE",2014,2.448376
"Azerbaijan","AZE",2015,2.448376
"Azerbaijan","AZE",2016,NA
"Azerbaijan","AZE",2017,NA
"Azerbaijan","AZE",2018,NA
"Bahamas","BHS",2007,NA
"Bahamas","BHS",2008,2.746246
"Bahamas","BHS",2009,2.746246
"Bahamas","BHS",2010,2.746246
"Bahamas","BHS",2011,2.749537
"Bahamas","BHS",2012,2.752828
"Bahamas","BHS",2013,2.831897
"Bahamas","BHS",2014,2.910966
"Bahamas","BHS",2015,2.8304515
"Bahamas","BHS",2016,2.749937
"Bahamas","BHS",2017,2.6376745
"Bahamas","BHS",2018,2.525412
"Bahrain","BHR",2007,3.15226516289702
"Bahrain","BHR",2008,3.26255158144851
"Bahrain","BHR",2009,3.26255158144851
"Bahrain","BHR",2010,3.372838
"Bahrain","BHR",2011,3.2131045
"Bahrain","BHR",2012,3.053371
"Bahrain","BHR",2013,3.0682435
"Bahrain","BHR",2014,3.083116
"Bahrain","BHR",2015,3.1985685
"Bahrain","BHR",2016,3.314021
"Bahrain","BHR",2017,3.124419
"Bahrain","BHR",2018,2.934817
"Bangladesh","BGD",2007,2.47138796454267
"Bangladesh","BGD",2008,2.60708498227134
"Bangladesh","BGD",2009,2.60708498227134
"Bangladesh","BGD",2010,2.742782
"Bangladesh","BGD",2011,2.742782
"Bangladesh","BGD",2012,NA
"Bangladesh","BGD",2013,2.56334
"Bangladesh","BGD",2014,2.56334
"Bangladesh","BGD",2015,2.613621
"Bangladesh","BGD",2016,2.663902
"Bangladesh","BGD",2017,2.6202415
"Bangladesh","BGD",2018,2.576581
"Belarus","BLR",2007,2.53166599101679
"Belarus","BLR",2008,2.53166599101679
"Belarus","BLR",2009,2.53166599101679
"Belarus","BLR",2010,NA
"Belarus","BLR",2011,2.611583
"Belarus","BLR",2012,2.611583
"Belarus","BLR",2013,2.6248755
"Belarus","BLR",2014,2.638168
"Belarus","BLR",2015,2.5187
"Belarus","BLR",2016,2.399232
"Belarus","BLR",2017,2.4869325
"Belarus","BLR",2018,2.574633
"Belgium","BEL",2007,3.89376360111722
"Belgium","BEL",2008,3.91801330055861
"Belgium","BEL",2009,3.91801330055861
"Belgium","BEL",2010,3.942263
"Belgium","BEL",2011,3.9612625
"Belgium","BEL",2012,3.980262
"Belgium","BEL",2013,4.012461
"Belgium","BEL",2014,4.04466
"Belgium","BEL",2015,4.076599
"Belgium","BEL",2016,4.108538
"Belgium","BEL",2017,4.073811
"Belgium","BEL",2018,4.039084
"Benin","BEN",2007,2.4455603285186
"Benin","BEN",2008,2.6165121642593
"Benin","BEN",2009,2.6165121642593
"Benin","BEN",2010,2.787464
"Benin","BEN",2011,2.8200505
"Benin","BEN",2012,2.852637
"Benin","BEN",2013,2.7067295
"Benin","BEN",2014,2.560822
"Benin","BEN",2015,2.4944735
"Benin","BEN",2016,2.428125
"Benin","BEN",2017,2.589007
"Benin","BEN",2018,2.749889
"Bhutan","BTN",2007,2.15675351036379
"Bhutan","BTN",2008,2.26849475518189
"Bhutan","BTN",2009,2.26849475518189
"Bhutan","BTN",2010,2.380236
"Bhutan","BTN",2011,2.45028
"Bhutan","BTN",2012,2.520324
"Bhutan","BTN",2013,2.405227
"Bhutan","BTN",2014,2.29013
"Bhutan","BTN",2015,2.305783
"Bhutan","BTN",2016,2.321436
"Bhutan","BTN",2017,2.245208
"Bhutan","BTN",2018,2.16898
"Bolivia","BOL",2007,2.30731224712776
"Bolivia","BOL",2008,2.40902162356388
"Bolivia","BOL",2009,2.40902162356388
"Bolivia","BOL",2010,2.510731
"Bolivia","BOL",2011,2.5619855
"Bolivia","BOL",2012,2.61324
"Bolivia","BOL",2013,2.546999
"Bolivia","BOL",2014,2.480758
"Bolivia","BOL",2015,2.36611
"Bolivia","BOL",2016,2.251462
"Bolivia","BOL",2017,2.304919
"Bolivia","BOL",2018,2.358376
"Bosnia & Herzegovina","BIH",2007,2.45692917028
"Bosnia & Herzegovina","BIH",2008,2.55930558514
"Bosnia & Herzegovina","BIH",2009,2.55930558514
"Bosnia & Herzegovina","BIH",2010,2.661682
"Bosnia & Herzegovina","BIH",2011,2.823514
"Bosnia & Herzegovina","BIH",2012,2.985346
"Bosnia & Herzegovina","BIH",2013,2.866482
"Bosnia & Herzegovina","BIH",2014,2.747618
"Bosnia & Herzegovina","BIH",2015,2.671936
"Bosnia & Herzegovina","BIH",2016,2.596254
"Bosnia & Herzegovina","BIH",2017,2.7024095
"Bosnia & Herzegovina","BIH",2018,2.808565
"Botswana","BWA",2007,NA
"Botswana","BWA",2008,2.318434
"Botswana","BWA",2009,2.318434
"Botswana","BWA",2010,2.318434
"Botswana","BWA",2011,2.5801215
"Botswana","BWA",2012,2.841809
"Botswana","BWA",2013,2.667292
"Botswana","BWA",2014,2.492775
"Botswana","BWA",2015,2.7691165
"Botswana","BWA",2016,3.045458
"Botswana","BWA",2017,3.045458
"Botswana","BWA",2018,NA
"Brazil","BRA",2007,2.75064898032314
"Brazil","BRA",2008,2.97444549016157
"Brazil","BRA",2009,2.97444549016157
"Brazil","BRA",2010,3.198242
"Brazil","BRA",2011,3.164691
"Brazil","BRA",2012,3.13114
"Brazil","BRA",2013,3.0375455
"Brazil","BRA",2014,2.943951
"Brazil","BRA",2015,3.0159675
"Brazil","BRA",2016,3.087984
"Brazil","BRA",2017,3.036887
"Brazil","BRA",2018,2.98579
"Brunei","BRN",2007,NA
"Brunei","BRN",2008,NA
"Brunei","BRN",2009,NA
"Brunei","BRN",2010,NA
"Brunei","BRN",2011,NA
"Brunei","BRN",2012,NA
"Brunei","BRN",2013,NA
"Brunei","BRN",2014,NA
"Brunei","BRN",2015,2.870492
"Brunei","BRN",2016,2.870492
"Brunei","BRN",2017,2.7885245
"Brunei","BRN",2018,2.706557
"Bulgaria","BGR",2007,2.87083778570875
"Bulgaria","BGR",2008,2.85084739285438
"Bulgaria","BGR",2009,2.85084739285438
"Bulgaria","BGR",2010,2.830857
"Bulgaria","BGR",2011,3.0201545
"Bulgaria","BGR",2012,3.209452
"Bulgaria","BGR",2013,3.1833015
"Bulgaria","BGR",2014,3.157151
"Bulgaria","BGR",2015,2.982418
"Bulgaria","BGR",2016,2.807685
"Bulgaria","BGR",2017,2.920825
"Bulgaria","BGR",2018,3.033965
"Burkina Faso","BFA",2007,2.24191893437103
"Burkina Faso","BFA",2008,2.23377946718551
"Burkina Faso","BFA",2009,2.23377946718551
"Burkina Faso","BFA",2010,2.22564
"Burkina Faso","BFA",2011,2.274115
"Burkina Faso","BFA",2012,2.32259
"Burkina Faso","BFA",2013,2.480445
"Burkina Faso","BFA",2014,2.6383
"Burkina Faso","BFA",2015,2.684555
"Burkina Faso","BFA",2016,2.73081
"Burkina Faso","BFA",2017,2.676137
"Burkina Faso","BFA",2018,2.621464
"Burundi","BDI",2007,2.28868182688757
"Burundi","BDI",2008,2.28868182688757
"Burundi","BDI",2009,2.28868182688757
"Burundi","BDI",2010,NA
"Burundi","BDI",2011,1.60996
"Burundi","BDI",2012,1.60996
"Burundi","BDI",2013,2.0878475
"Burundi","BDI",2014,2.565735
"Burundi","BDI",2015,2.5377555
"Burundi","BDI",2016,2.509776
"Burundi","BDI",2017,2.2866925
"Burundi","BDI",2018,2.063609
"Cambodia","KHM",2007,2.49788641192844
"Cambodia","KHM",2008,2.43393120596422
"Cambodia","KHM",2009,2.43393120596422
"Cambodia","KHM",2010,2.369976
"Cambodia","KHM",2011,2.4661545
"Cambodia","KHM",2012,2.562333
"Cambodia","KHM",2013,2.65187
"Cambodia","KHM",2014,2.741407
"Cambodia","KHM",2015,2.7709985
"Cambodia","KHM",2016,2.80059
"Cambodia","KHM",2017,2.689599
"Cambodia","KHM",2018,2.578608
"Cameroon","CMR",2007,2.488765023139
"Cameroon","CMR",2008,2.5185235115695
"Cameroon","CMR",2009,2.5185235115695
"Cameroon","CMR",2010,2.548282
"Cameroon","CMR",2011,2.5379955
"Cameroon","CMR",2012,2.527709
"Cameroon","CMR",2013,2.4121625
"Cameroon","CMR",2014,2.296616
"Cameroon","CMR",2015,2.2240575
"Cameroon","CMR",2016,2.151499
"Cameroon","CMR",2017,2.373523
"Cameroon","CMR",2018,2.595547
"Canada","CAN",2007,3.92192594637433
"Canada","CAN",2008,3.89818947318717
"Canada","CAN",2009,3.89818947318717
"Canada","CAN",2010,3.874453
"Canada","CAN",2011,3.860466
"Canada","CAN",2012,3.846479
"Canada","CAN",2013,3.8509885
"Canada","CAN",2014,3.855498
"Canada","CAN",2015,3.8931025
"Canada","CAN",2016,3.930707
"Canada","CAN",2017,3.828711
"Canada","CAN",2018,3.726715
"Central African Republic","CAF",2007,NA
"Central African Republic","CAF",2008,NA
"Central African Republic","CAF",2009,NA
"Central African Republic","CAF",2010,NA
"Central African Republic","CAF",2011,2.573243
"Central African Republic","CAF",2012,2.573243
"Central African Republic","CAF",2013,2.4670875
"Central African Republic","CAF",2014,2.360932
"Central African Republic","CAF",2015,2.360932
"Central African Republic","CAF",2016,NA
"Central African Republic","CAF",2017,2.148357
"Central African Republic","CAF",2018,2.148357
"Chad","TCD",2007,1.9832854562239
"Chad","TCD",2008,2.23713722811195
"Chad","TCD",2009,2.23713722811195
"Chad","TCD",2010,2.490989
"Chad","TCD",2011,2.26036
"Chad","TCD",2012,2.029731
"Chad","TCD",2013,2.2797055
"Chad","TCD",2014,2.52968
"Chad","TCD",2015,2.3470665
"Chad","TCD",2016,2.164453
"Chad","TCD",2017,2.290945
"Chad","TCD",2018,2.417437
"Chile","CHL",2007,3.25036966116368
"Chile","CHL",2008,3.17254633058184
"Chile","CHL",2009,3.17254633058184
"Chile","CHL",2010,3.094723
"Chile","CHL",2011,3.1342985
"Chile","CHL",2012,3.173874
"Chile","CHL",2013,3.21483
"Chile","CHL",2014,3.255786
"Chile","CHL",2015,3.252114
"Chile","CHL",2016,3.248442
"Chile","CHL",2017,3.2827935
"Chile","CHL",2018,3.317145
"China","CHN",2007,3.32193500331896
"China","CHN",2008,3.40548700165948
"China","CHN",2009,3.40548700165948
"China","CHN",2010,3.489039
"China","CHN",2011,3.503028
"China","CHN",2012,3.517017
"China","CHN",2013,3.52424
"China","CHN",2014,3.531463
"China","CHN",2015,3.5962835
"China","CHN",2016,3.661104
"China","CHN",2017,3.6331255
"China","CHN",2018,3.605147
"Colombia","COL",2007,2.49728276045895
"Colombia","COL",2008,2.63588488022948
"Colombia","COL",2009,2.63588488022948
"Colombia","COL",2010,2.774487
"Colombia","COL",2011,2.82191
"Colombia","COL",2012,2.869333
"Colombia","COL",2013,2.754485
"Colombia","COL",2014,2.639637
"Colombia","COL",2015,2.625994
"Colombia","COL",2016,2.612351
"Colombia","COL",2017,2.7769755
"Colombia","COL",2018,2.9416
"Comoros","COM",2007,2.47792626384265
"Comoros","COM",2008,2.46275563192132
"Comoros","COM",2009,2.46275563192132
"Comoros","COM",2010,2.447585
"Comoros","COM",2011,2.294165
"Comoros","COM",2012,2.140745
"Comoros","COM",2013,2.2714405
"Comoros","COM",2014,2.402136
"Comoros","COM",2015,2.490638
"Comoros","COM",2016,2.57914
"Comoros","COM",2017,2.568119
"Comoros","COM",2018,2.557098
"Congo - Brazzaville","COG",2007,NA
"Congo - Brazzaville","COG",2008,2.475881
"Congo - Brazzaville","COG",2009,2.475881
"Congo - Brazzaville","COG",2010,2.475881
"Congo - Brazzaville","COG",2011,2.280236
"Congo - Brazzaville","COG",2012,2.084591
"Congo - Brazzaville","COG",2013,2.08087
"Congo - Brazzaville","COG",2014,2.077149
"Congo - Brazzaville","COG",2015,2.2269585
"Congo - Brazzaville","COG",2016,2.376768
"Congo - Brazzaville","COG",2017,2.431313
"Congo - Brazzaville","COG",2018,2.485858
"Congo - Kinshasa","COD",2007,NA
"Congo - Kinshasa","COD",2008,2.675772
"Congo - Kinshasa","COD",2009,2.675772
"Congo - Kinshasa","COD",2010,2.675772
"Congo - Kinshasa","COD",2011,2.4404225
"Congo - Kinshasa","COD",2012,2.205073
"Congo - Kinshasa","COD",2013,2.041965
"Congo - Kinshasa","COD",2014,1.878857
"Congo - Kinshasa","COD",2015,2.1273095
"Congo - Kinshasa","COD",2016,2.375762
"Congo - Kinshasa","COD",2017,2.4020705
"Congo - Kinshasa","COD",2018,2.428379
"Costa Rica","CRI",2007,2.55492626160217
"Costa Rica","CRI",2008,2.73169263080109
"Costa Rica","CRI",2009,2.73169263080109
"Costa Rica","CRI",2010,2.908459
"Costa Rica","CRI",2011,2.8274515
"Costa Rica","CRI",2012,2.746444
"Costa Rica","CRI",2013,2.7235815
"Costa Rica","CRI",2014,2.700719
"Costa Rica","CRI",2015,2.6748445
"Costa Rica","CRI",2016,2.64897
"Costa Rica","CRI",2017,2.720317
"Costa Rica","CRI",2018,2.791664
"Côte d’Ivoire","CIV",2007,2.36134622316244
"Côte d’Ivoire","CIV",2008,2.44740961158122
"Côte d’Ivoire","CIV",2009,2.44740961158122
"Côte d’Ivoire","CIV",2010,2.533473
"Côte d’Ivoire","CIV",2011,2.6324955
"Côte d’Ivoire","CIV",2012,2.731518
"Côte d’Ivoire","CIV",2013,2.7467495
"Côte d’Ivoire","CIV",2014,2.761981
"Côte d’Ivoire","CIV",2015,2.682277
"Côte d’Ivoire","CIV",2016,2.602573
"Côte d’Ivoire","CIV",2017,2.842413
"Côte d’Ivoire","CIV",2018,3.082253
"Croatia","HRV",2007,2.71362220822567
"Croatia","HRV",2008,2.74179910411284
"Croatia","HRV",2009,2.74179910411284
"Croatia","HRV",2010,2.769976
"Croatia","HRV",2011,2.966147
"Croatia","HRV",2012,3.162318
"Croatia","HRV",2013,3.1076335
"Croatia","HRV",2014,3.052949
"Croatia","HRV",2015,3.106889
"Croatia","HRV",2016,3.160829
"Croatia","HRV",2017,3.1324595
"Croatia","HRV",2018,3.10409
"Cuba","CUB",2007,NA
"Cuba","CUB",2008,2.067025
"Cuba","CUB",2009,2.067025
"Cuba","CUB",2010,2.067025
"Cuba","CUB",2011,2.13157
"Cuba","CUB",2012,2.196115
"Cuba","CUB",2013,2.1879245
"Cuba","CUB",2014,2.179734
"Cuba","CUB",2015,2.2630965
"Cuba","CUB",2016,2.346459
"Cuba","CUB",2017,2.271809
"Cuba","CUB",2018,2.197159
"Cyprus","CYP",2007,2.92056633196934
"Cyprus","CYP",2008,3.02497216598467
"Cyprus","CYP",2009,3.02497216598467
"Cyprus","CYP",2010,3.129378
"Cyprus","CYP",2011,3.18624
"Cyprus","CYP",2012,3.243102
"Cyprus","CYP",2013,3.1218395
"Cyprus","CYP",2014,3.000577
"Cyprus","CYP",2015,2.999819
"Cyprus","CYP",2016,2.999061
"Cyprus","CYP",2017,3.074949
"Cyprus","CYP",2018,3.150837
"Czechia","CZE",2007,3.13462598247311
"Czechia","CZE",2008,3.32058949123656
"Czechia","CZE",2009,3.32058949123656
"Czechia","CZE",2010,3.506553
"Czechia","CZE",2011,3.3240255
"Czechia","CZE",2012,3.141498
"Czechia","CZE",2013,3.316957
"Czechia","CZE",2014,3.492416
"Czechia","CZE",2015,3.5833625
"Czechia","CZE",2016,3.674309
"Czechia","CZE",2017,3.6773195
"Czechia","CZE",2018,3.68033
"Denmark","DNK",2007,3.85904603759012
"Denmark","DNK",2008,3.85299351879506
"Denmark","DNK",2009,3.85299351879506
"Denmark","DNK",2010,3.846941
"Denmark","DNK",2011,3.932567
"Denmark","DNK",2012,4.018193
"Denmark","DNK",2013,3.9003565
"Denmark","DNK",2014,3.78252
"Denmark","DNK",2015,3.799157
"Denmark","DNK",2016,3.815794
"Denmark","DNK",2017,3.9038265
"Denmark","DNK",2018,3.991859
"Djibouti","DJI",2007,1.94274401931044
"Djibouti","DJI",2008,2.16865500965522
"Djibouti","DJI",2009,2.16865500965522
"Djibouti","DJI",2010,2.394566
"Djibouti","DJI",2011,2.0962005
"Djibouti","DJI",2012,1.797835
"Djibouti","DJI",2013,1.973851
"Djibouti","DJI",2014,2.149867
"Djibouti","DJI",2015,2.2362035
"Djibouti","DJI",2016,2.32254
"Djibouti","DJI",2017,2.4785805
"Djibouti","DJI",2018,2.634621
"Dominican Republic","DOM",2007,2.38018195225225
"Dominican Republic","DOM",2008,2.60046597612612
"Dominican Republic","DOM",2009,2.60046597612612
"Dominican Republic","DOM",2010,2.82075
"Dominican Republic","DOM",2011,2.760461
"Dominican Republic","DOM",2012,2.700172
"Dominican Republic","DOM",2013,2.7803615
"Dominican Republic","DOM",2014,2.860551
"Dominican Republic","DOM",2015,2.7439155
"Dominican Republic","DOM",2016,2.62728
"Dominican Republic","DOM",2017,2.6445225
"Dominican Republic","DOM",2018,2.661765
"Ecuador","ECU",2007,2.59967981596071
"Ecuador","ECU",2008,2.68710640798036
"Ecuador","ECU",2009,2.68710640798036
"Ecuador","ECU",2010,2.774533
"Ecuador","ECU",2011,2.766006
"Ecuador","ECU",2012,2.757479
"Ecuador","ECU",2013,2.7342325
"Ecuador","ECU",2014,2.710986
"Ecuador","ECU",2015,2.7450335
"Ecuador","ECU",2016,2.779081
"Ecuador","ECU",2017,2.830365
"Ecuador","ECU",2018,2.881649
"Egypt","EGY",2007,2.37083551128863
"Egypt","EGY",2008,2.49272425564431
"Egypt","EGY",2009,2.49272425564431
"Egypt","EGY",2010,2.614613
"Egypt","EGY",2011,2.79678
"Egypt","EGY",2012,2.978947
"Egypt","EGY",2013,2.972429
"Egypt","EGY",2014,2.965911
"Egypt","EGY",2015,3.0754375
"Egypt","EGY",2016,3.184964
"Egypt","EGY",2017,3.004933
"Egypt","EGY",2018,2.824902
"El Salvador","SLV",2007,2.6620085139353
"El Salvador","SLV",2008,2.66789725696765
"El Salvador","SLV",2009,2.66789725696765
"El Salvador","SLV",2010,2.673786
"El Salvador","SLV",2011,2.63761
"El Salvador","SLV",2012,2.601434
"El Salvador","SLV",2013,2.7809505
"El Salvador","SLV",2014,2.960467
"El Salvador","SLV",2015,2.8330965
"El Salvador","SLV",2016,2.705726
"El Salvador","SLV",2017,2.6406235
"El Salvador","SLV",2018,2.575521
"Equatorial Guinea","GNQ",2007,NA
"Equatorial Guinea","GNQ",2008,NA
"Equatorial Guinea","GNQ",2009,NA
"Equatorial Guinea","GNQ",2010,NA
"Equatorial Guinea","GNQ",2011,NA
"Equatorial Guinea","GNQ",2012,NA
"Equatorial Guinea","GNQ",2013,2.354636
"Equatorial Guinea","GNQ",2014,2.354636
"Equatorial Guinea","GNQ",2015,2.116913
"Equatorial Guinea","GNQ",2016,1.87919
"Equatorial Guinea","GNQ",2017,2.0984165
"Equatorial Guinea","GNQ",2018,2.317643
"Eritrea","ERI",2007,2.18781136217466
"Eritrea","ERI",2008,1.94212368108733
"Eritrea","ERI",2009,1.94212368108733
"Eritrea","ERI",2010,1.696436
"Eritrea","ERI",2011,1.9033175
"Eritrea","ERI",2012,2.110199
"Eritrea","ERI",2013,2.097477
"Eritrea","ERI",2014,2.084755
"Eritrea","ERI",2015,2.1282985
"Eritrea","ERI",2016,2.171842
"Eritrea","ERI",2017,2.129492
"Eritrea","ERI",2018,2.087142
"Estonia","EST",2007,2.94718804613665
"Estonia","EST",2008,3.05257752306832
"Estonia","EST",2009,3.05257752306832
"Estonia","EST",2010,3.157967
"Estonia","EST",2011,3.009119
"Estonia","EST",2012,2.860271
"Estonia","EST",2013,3.1030955
"Estonia","EST",2014,3.34592
"Estonia","EST",2015,3.3547045
"Estonia","EST",2016,3.363489
"Estonia","EST",2017,3.337551
"Estonia","EST",2018,3.311613
"Ethiopia","ETH",2007,2.32674543583287
"Ethiopia","ETH",2008,2.36975321791644
"Ethiopia","ETH",2009,2.36975321791644
"Ethiopia","ETH",2010,2.412761
"Ethiopia","ETH",2011,2.3248075
"Ethiopia","ETH",2012,2.236854
"Ethiopia","ETH",2013,2.4152395
"Ethiopia","ETH",2014,2.593625
"Ethiopia","ETH",2015,2.485196
"Ethiopia","ETH",2016,2.376767
"Ethiopia","ETH",2017,2.376767
"Ethiopia","ETH",2018,NA
"Fiji","FJI",2007,NA
"Fiji","FJI",2008,2.235183
"Fiji","FJI",2009,2.235183
"Fiji","FJI",2010,2.235183
"Fiji","FJI",2011,2.3272105
"Fiji","FJI",2012,2.419238
"Fiji","FJI",2013,2.4821205
"Fiji","FJI",2014,2.545003
"Fiji","FJI",2015,2.4305945
"Fiji","FJI",2016,2.316186
"Fiji","FJI",2017,2.3339565
"Fiji","FJI",2018,2.351727
"Finland","FIN",2007,3.81580381164298
"Finland","FIN",2008,3.85055940582149
"Finland","FIN",2009,3.85055940582149
"Finland","FIN",2010,3.885315
"Finland","FIN",2011,3.967516
"Finland","FIN",2012,4.049717
"Finland","FIN",2013,3.836376
"Finland","FIN",2014,3.623035
"Finland","FIN",2015,3.77189
"Finland","FIN",2016,3.920745
"Finland","FIN",2017,3.9449465
"Finland","FIN",2018,3.969148
"France","FRA",2007,3.76188416765287
"France","FRA",2008,3.80245308382644
"France","FRA",2009,3.80245308382644
"France","FRA",2010,3.843022
"France","FRA",2011,3.8472525
"France","FRA",2012,3.851483
"France","FRA",2013,3.849394
"France","FRA",2014,3.847305
"France","FRA",2015,3.874129
"France","FRA",2016,3.900953
"France","FRA",2017,3.872714
"France","FRA",2018,3.844475
"Gabon","GAB",2007,2.09981397959092
"Gabon","GAB",2008,2.25679298979546
"Gabon","GAB",2009,2.25679298979546
"Gabon","GAB",2010,2.413772
"Gabon","GAB",2011,2.3793685
"Gabon","GAB",2012,2.344965
"Gabon","GAB",2013,2.273932
"Gabon","GAB",2014,2.202899
"Gabon","GAB",2015,2.1972745
"Gabon","GAB",2016,2.19165
"Gabon","GAB",2017,2.176776
"Gabon","GAB",2018,2.161902
"Gambia","GMB",2007,2.51804293412689
"Gambia","GMB",2008,2.50571446706344
"Gambia","GMB",2009,2.50571446706344
"Gambia","GMB",2010,2.493386
"Gambia","GMB",2011,2.4782305
"Gambia","GMB",2012,2.463075
"Gambia","GMB",2013,2.356078
"Gambia","GMB",2014,2.249081
"Gambia","GMB",2015,2.249081
"Gambia","GMB",2016,NA
"Gambia","GMB",2017,2.401189
"Gambia","GMB",2018,2.401189
"Georgia","GEO",2007,NA
"Georgia","GEO",2008,2.612827
"Georgia","GEO",2009,2.612827
"Georgia","GEO",2010,2.612827
"Georgia","GEO",2011,2.6934495
"Georgia","GEO",2012,2.774072
"Georgia","GEO",2013,2.6407815
"Georgia","GEO",2014,2.507491
"Georgia","GEO",2015,2.430252
"Georgia","GEO",2016,2.353013
"Georgia","GEO",2017,2.3979185
"Georgia","GEO",2018,2.442824
"Germany","DEU",2007,4.09869523646128
"Germany","DEU",2008,4.10657261823064
"Germany","DEU",2009,4.10657261823064
"Germany","DEU",2010,4.11445
"Germany","DEU",2011,4.073585
"Germany","DEU",2012,4.03272
"Germany","DEU",2013,4.0773515
"Germany","DEU",2014,4.121983
"Germany","DEU",2015,4.173975
"Germany","DEU",2016,4.225967
"Germany","DEU",2017,4.2137055
"Germany","DEU",2018,4.201444
"Ghana","GHA",2007,2.16220261362782
"Ghana","GHA",2008,2.31752880681391
"Ghana","GHA",2009,2.31752880681391
"Ghana","GHA",2010,2.472855
"Ghana","GHA",2011,2.490255
"Ghana","GHA",2012,2.507655
"Ghana","GHA",2013,2.5672945
"Ghana","GHA",2014,2.626934
"Ghana","GHA",2015,2.6439325
"Ghana","GHA",2016,2.660931
"Ghana","GHA",2017,2.6131395
"Ghana","GHA",2018,2.565348
"Greece","GRC",2007,3.35795176993677
"Greece","GRC",2008,3.15693538496838
"Greece","GRC",2009,3.15693538496838
"Greece","GRC",2010,2.955919
"Greece","GRC",2011,2.8942845
"Greece","GRC",2012,2.83265
"Greece","GRC",2013,3.017126
"Greece","GRC",2014,3.201602
"Greece","GRC",2015,3.220559
"Greece","GRC",2016,3.239516
"Greece","GRC",2017,3.2220385
"Greece","GRC",2018,3.204561
"Guatemala","GTM",2007,2.52909819106202
"Guatemala","GTM",2008,2.58021359553101
"Guatemala","GTM",2009,2.58021359553101
"Guatemala","GTM",2010,2.631329
"Guatemala","GTM",2011,2.718156
"Guatemala","GTM",2012,2.804983
"Guatemala","GTM",2013,2.801218
"Guatemala","GTM",2014,2.797453
"Guatemala","GTM",2015,2.63689
"Guatemala","GTM",2016,2.476327
"Guatemala","GTM",2017,2.445472
"Guatemala","GTM",2018,2.414617
"Guinea","GIN",2007,2.71483537713179
"Guinea","GIN",2008,2.65542018856589
"Guinea","GIN",2009,2.65542018856589
"Guinea","GIN",2010,2.596005
"Guinea","GIN",2011,2.538663
"Guinea","GIN",2012,2.481321
"Guinea","GIN",2013,2.472756
"Guinea","GIN",2014,2.464191
"Guinea","GIN",2015,2.4115755
"Guinea","GIN",2016,2.35896
"Guinea","GIN",2017,2.279909
"Guinea","GIN",2018,2.200858
"Guinea-Bissau","GNB",2007,2.2776261082791
"Guinea-Bissau","GNB",2008,2.18952755413955
"Guinea-Bissau","GNB",2009,2.18952755413955
"Guinea-Bissau","GNB",2010,2.101429
"Guinea-Bissau","GNB",2011,2.3486335
"Guinea-Bissau","GNB",2012,2.595838
"Guinea-Bissau","GNB",2013,2.511151
"Guinea-Bissau","GNB",2014,2.426464
"Guinea-Bissau","GNB",2015,2.3985725
"Guinea-Bissau","GNB",2016,2.370681
"Guinea-Bissau","GNB",2017,2.378893
"Guinea-Bissau","GNB",2018,2.387105
"Guyana","GUY",2007,2.04801097207426
"Guyana","GUY",2008,2.15803098603713
"Guyana","GUY",2009,2.15803098603713
"Guyana","GUY",2010,2.268051
"Guyana","GUY",2011,2.297789
"Guyana","GUY",2012,2.327527
"Guyana","GUY",2013,2.3933295
"Guyana","GUY",2014,2.459132
"Guyana","GUY",2015,2.563075
"Guyana","GUY",2016,2.667018
"Guyana","GUY",2017,2.512665
"Guyana","GUY",2018,2.358312
"Haiti","HTI",2007,2.21146234419119
"Haiti","HTI",2008,2.40153317209559
"Haiti","HTI",2009,2.40153317209559
"Haiti","HTI",2010,2.591604
"Haiti","HTI",2011,2.3089645
"Haiti","HTI",2012,2.026325
"Haiti","HTI",2013,2.147963
"Haiti","HTI",2014,2.269601
"Haiti","HTI",2015,1.9928485
"Haiti","HTI",2016,1.716096
"Haiti","HTI",2017,1.9142185
"Haiti","HTI",2018,2.112341
"Honduras","HND",2007,2.49835291925897
"Honduras","HND",2008,2.63873495962948
"Honduras","HND",2009,2.63873495962948
"Honduras","HND",2010,2.779117
"Honduras","HND",2011,2.656171
"Honduras","HND",2012,2.533225
"Honduras","HND",2013,2.570326
"Honduras","HND",2014,2.607427
"Honduras","HND",2015,2.5351195
"Honduras","HND",2016,2.462812
"Honduras","HND",2017,2.533365
"Honduras","HND",2018,2.603918
"Hong Kong SAR China","HKG",2007,4.00352073446254
"Hong Kong SAR China","HKG",2008,3.94002286723127
"Hong Kong SAR China","HKG",2009,3.94002286723127
"Hong Kong SAR China","HKG",2010,3.876525
"Hong Kong SAR China","HKG",2011,3.9989445
"Hong Kong SAR China","HKG",2012,4.121364
"Hong Kong SAR China","HKG",2013,3.9740635
"Hong Kong SAR China","HKG",2014,3.826763
"Hong Kong SAR China","HKG",2015,3.947933
"Hong Kong SAR China","HKG",2016,4.069103
"Hong Kong SAR China","HKG",2017,3.994585
"Hong Kong SAR China","HKG",2018,3.920067
"Hungary","HUN",2007,3.15417377479534
"Hungary","HUN",2008,3.07066038739767
"Hungary","HUN",2009,3.07066038739767
"Hungary","HUN",2010,2.987147
"Hungary","HUN",2011,3.079259
"Hungary","HUN",2012,3.171371
"Hungary","HUN",2013,3.3179045
"Hungary","HUN",2014,3.464438
"Hungary","HUN",2015,3.446703
"Hungary","HUN",2016,3.428968
"Hungary","HUN",2017,3.423866
"Hungary","HUN",2018,3.418764
"Iceland","ISL",2007,NA
"Iceland","ISL",2008,3.197069
"Iceland","ISL",2009,3.197069
"Iceland","ISL",2010,3.197069
"Iceland","ISL",2011,3.2959815
"Iceland","ISL",2012,3.394894
"Iceland","ISL",2013,3.3933785
"Iceland","ISL",2014,3.391863
"Iceland","ISL",2015,3.368734
"Iceland","ISL",2016,3.345605
"Iceland","ISL",2017,3.2853095
"Iceland","ISL",2018,3.225014
"India","IND",2007,3.07091370381578
"India","IND",2008,3.09299435190789
"India","IND",2009,3.09299435190789
"India","IND",2010,3.115075
"India","IND",2011,3.095481
"India","IND",2012,3.075887
"India","IND",2013,3.078012
"India","IND",2014,3.080137
"India","IND",2015,3.25009
"India","IND",2016,3.420043
"India","IND",2017,3.298306
"India","IND",2018,3.176569
"Indonesia","IDN",2007,3.00969546600798
"Indonesia","IDN",2008,2.88504273300399
"Indonesia","IDN",2009,2.88504273300399
"Indonesia","IDN",2010,2.76039
"Indonesia","IDN",2011,2.852585
"Indonesia","IDN",2012,2.94478
"Indonesia","IDN",2013,3.013293
"Indonesia","IDN",2014,3.081806
"Indonesia","IDN",2015,3.0331715
"Indonesia","IDN",2016,2.984537
"Indonesia","IDN",2017,3.067299
"Indonesia","IDN",2018,3.150061
"Iran","IRN",2007,2.50961891649477
"Iran","IRN",2008,2.54180195824738
"Iran","IRN",2009,2.54180195824738
"Iran","IRN",2010,2.573985
"Iran","IRN",2011,2.531691
"Iran","IRN",2012,2.489397
"Iran","IRN",2013,2.489397
"Iran","IRN",2014,NA
"Iran","IRN",2015,2.601254
"Iran","IRN",2016,2.601254
"Iran","IRN",2017,2.7269875
"Iran","IRN",2018,2.852721
"Iraq","IRQ",2007,NA
"Iraq","IRQ",2008,2.105455
"Iraq","IRQ",2009,2.105455
"Iraq","IRQ",2010,2.105455
"Iraq","IRQ",2011,2.132316
"Iraq","IRQ",2012,2.159177
"Iraq","IRQ",2013,2.2285085
"Iraq","IRQ",2014,2.29784
"Iraq","IRQ",2015,2.223871
"Iraq","IRQ",2016,2.149902
"Iraq","IRQ",2017,2.1630865
"Iraq","IRQ",2018,2.176271
"Ireland","IRL",2007,3.91384503350492
"Ireland","IRL",2008,3.90352851675246
"Ireland","IRL",2009,3.90352851675246
"Ireland","IRL",2010,3.893212
"Ireland","IRL",2011,3.7066445
"Ireland","IRL",2012,3.520077
"Ireland","IRL",2013,3.6940455
"Ireland","IRL",2014,3.868014
"Ireland","IRL",2015,3.83145
"Ireland","IRL",2016,3.794886
"Ireland","IRL",2017,3.6526495
"Ireland","IRL",2018,3.510413
"Israel","ISR",2007,3.20580433374121
"Israel","ISR",2008,3.30903416687061
"Israel","ISR",2009,3.30903416687061
"Israel","ISR",2010,3.412264
"Israel","ISR",2011,3.412264
"Israel","ISR",2012,NA
"Israel","ISR",2013,3.260446
"Israel","ISR",2014,3.260446
"Israel","ISR",2015,3.460388
"Israel","ISR",2016,3.66033
"Israel","ISR",2017,3.484063
"Israel","ISR",2018,3.307796
"Italy","ITA",2007,3.57514327658666
"Italy","ITA",2008,3.60976413829333
"Italy","ITA",2009,3.60976413829333
"Italy","ITA",2010,3.644385
"Italy","ITA",2011,3.657548
"Italy","ITA",2012,3.670711
"Italy","ITA",2013,3.6808935
"Italy","ITA",2014,3.691076
"Italy","ITA",2015,3.723245
"Italy","ITA",2016,3.755414
"Italy","ITA",2017,3.747283
"Italy","ITA",2018,3.739152
"Jamaica","JAM",2007,2.24670268488167
"Jamaica","JAM",2008,2.39020984244084
"Jamaica","JAM",2009,2.39020984244084
"Jamaica","JAM",2010,2.533717
"Jamaica","JAM",2011,2.475217
"Jamaica","JAM",2012,2.416717
"Jamaica","JAM",2013,2.6296055
"Jamaica","JAM",2014,2.842494
"Jamaica","JAM",2015,2.621354
"Jamaica","JAM",2016,2.400214
"Jamaica","JAM",2017,2.459439
"Jamaica","JAM",2018,2.518664
"Japan","JPN",2007,4.02355409850846
"Japan","JPN",2008,3.99472154925423
"Japan","JPN",2009,3.99472154925423
"Japan","JPN",2010,3.965889
"Japan","JPN",2011,3.9493745
"Japan","JPN",2012,3.93286
"Japan","JPN",2013,3.923739
"Japan","JPN",2014,3.914618
"Japan","JPN",2015,3.942541
"Japan","JPN",2016,3.970464
"Japan","JPN",2017,3.998057
"Japan","JPN",2018,4.02565
"Jordan","JOR",2007,2.88991953237379
"Jordan","JOR",2008,2.8138192661869
"Jordan","JOR",2009,2.8138192661869
"Jordan","JOR",2010,2.737719
"Jordan","JOR",2011,2.6471765
"Jordan","JOR",2012,2.556634
"Jordan","JOR",2013,2.715279
"Jordan","JOR",2014,2.873924
"Jordan","JOR",2015,2.9152675
"Jordan","JOR",2016,2.956611
"Jordan","JOR",2017,2.822292
"Jordan","JOR",2018,2.687973
"Kazakhstan","KAZ",2007,2.12228443572214
"Kazakhstan","KAZ",2008,2.47773721786107
"Kazakhstan","KAZ",2009,2.47773721786107
"Kazakhstan","KAZ",2010,2.83319
"Kazakhstan","KAZ",2011,2.763998
"Kazakhstan","KAZ",2012,2.694806
"Kazakhstan","KAZ",2013,2.697113
"Kazakhstan","KAZ",2014,2.69942
"Kazakhstan","KAZ",2015,2.725709
"Kazakhstan","KAZ",2016,2.751998
"Kazakhstan","KAZ",2017,2.780967
"Kazakhstan","KAZ",2018,2.809936
"Kenya","KEN",2007,2.52126484373138
"Kenya","KEN",2008,2.55555842186569
"Kenya","KEN",2009,2.55555842186569
"Kenya","KEN",2010,2.589852
"Kenya","KEN",2011,2.5116765
"Kenya","KEN",2012,2.433501
"Kenya","KEN",2013,2.62279
"Kenya","KEN",2014,2.812079
"Kenya","KEN",2015,3.071687
"Kenya","KEN",2016,3.331295
"Kenya","KEN",2017,3.073115
"Kenya","KEN",2018,2.814935
"Kuwait","KWT",2007,2.98512303832113
"Kuwait","KWT",2008,3.13319301916056
"Kuwait","KWT",2009,3.13319301916056
"Kuwait","KWT",2010,3.281263
"Kuwait","KWT",2011,3.055445
"Kuwait","KWT",2012,2.829627
"Kuwait","KWT",2013,2.9204635
"Kuwait","KWT",2014,3.0113
"Kuwait","KWT",2015,3.0814595
"Kuwait","KWT",2016,3.151619
"Kuwait","KWT",2017,3.0064155
"Kuwait","KWT",2018,2.861212
"Kyrgyzstan","KGZ",2007,2.34965502478134
"Kyrgyzstan","KGZ",2008,2.48438801239067
"Kyrgyzstan","KGZ",2009,2.48438801239067
"Kyrgyzstan","KGZ",2010,2.619121
"Kyrgyzstan","KGZ",2011,2.4861795
"Kyrgyzstan","KGZ",2012,2.353238
"Kyrgyzstan","KGZ",2013,2.281287
"Kyrgyzstan","KGZ",2014,2.209336
"Kyrgyzstan","KGZ",2015,2.182633
"Kyrgyzstan","KGZ",2016,2.15593
"Kyrgyzstan","KGZ",2017,2.35101
"Kyrgyzstan","KGZ",2018,2.54609
"Laos","LAO",2007,2.25273186711765
"Laos","LAO",2008,2.35767093355882
"Laos","LAO",2009,2.35767093355882
"Laos","LAO",2010,2.46261
"Laos","LAO",2011,2.481107
"Laos","LAO",2012,2.499604
"Laos","LAO",2013,2.4446535
"Laos","LAO",2014,2.389703
"Laos","LAO",2015,2.2284785
"Laos","LAO",2016,2.067254
"Laos","LAO",2017,2.383772
"Laos","LAO",2018,2.70029
"Latvia","LVA",2007,3.01602546916025
"Latvia","LVA",2008,3.13218773458013
"Latvia","LVA",2009,3.13218773458013
"Latvia","LVA",2010,3.24835
"Latvia","LVA",2011,3.013114
"Latvia","LVA",2012,2.777878
"Latvia","LVA",2013,3.0903335
"Latvia","LVA",2014,3.402789
"Latvia","LVA",2015,3.364948
"Latvia","LVA",2016,3.327107
"Latvia","LVA",2017,3.068528
"Latvia","LVA",2018,2.809949
"Lebanon","LBN",2007,2.36934050438763
"Lebanon","LBN",2008,2.85390675219381
"Lebanon","LBN",2009,2.85390675219381
"Lebanon","LBN",2010,3.338473
"Lebanon","LBN",2011,2.9593105
"Lebanon","LBN",2012,2.580148
"Lebanon","LBN",2013,2.6529765
"Lebanon","LBN",2014,2.725805
"Lebanon","LBN",2015,2.72153
"Lebanon","LBN",2016,2.717255
"Lebanon","LBN",2017,2.717054
"Lebanon","LBN",2018,2.716853
"Lesotho","LSO",2007,2.30402757710641
"Lesotho","LSO",2008,2.30402757710641
"Lesotho","LSO",2009,2.30402757710641
"Lesotho","LSO",2010,NA
"Lesotho","LSO",2011,2.235958
"Lesotho","LSO",2012,2.235958
"Lesotho","LSO",2013,2.3044035
"Lesotho","LSO",2014,2.372849
"Lesotho","LSO",2015,2.199416
"Lesotho","LSO",2016,2.025983
"Lesotho","LSO",2017,2.1516245
"Lesotho","LSO",2018,2.277266
"Liberia","LBR",2007,2.31422947161011
"Liberia","LBR",2008,2.34810473580506
"Liberia","LBR",2009,2.34810473580506
"Liberia","LBR",2010,2.38198
"Liberia","LBR",2011,2.4151205
"Liberia","LBR",2012,2.448261
"Liberia","LBR",2013,2.5341305
"Liberia","LBR",2014,2.62
"Liberia","LBR",2015,2.411957
"Liberia","LBR",2016,2.203914
"Liberia","LBR",2017,2.216556
"Liberia","LBR",2018,2.229198
"Libya","LBY",2007,NA
"Libya","LBY",2008,2.332419
"Libya","LBY",2009,2.332419
"Libya","LBY",2010,2.332419
"Libya","LBY",2011,2.3075855
"Libya","LBY",2012,2.282752
"Libya","LBY",2013,2.3898655
"Libya","LBY",2014,2.496979
"Libya","LBY",2015,2.380737
"Libya","LBY",2016,2.264495
"Libya","LBY",2017,2.1854785
"Libya","LBY",2018,2.106462
"Lithuania","LTU",2007,2.77819192290272
"Lithuania","LTU",2008,2.95656546145136
"Lithuania","LTU",2009,2.95656546145136
"Lithuania","LTU",2010,3.134939
"Lithuania","LTU",2011,3.041623
"Lithuania","LTU",2012,2.948307
"Lithuania","LTU",2013,3.0633615
"Lithuania","LTU",2014,3.178416
"Lithuania","LTU",2015,3.405052
"Lithuania","LTU",2016,3.631688
"Lithuania","LTU",2017,3.324606
"Lithuania","LTU",2018,3.017524
"Luxembourg","LUX",2007,3.53687272935643
"Luxembourg","LUX",2008,3.75847286467821
"Luxembourg","LUX",2009,3.75847286467821
"Luxembourg","LUX",2010,3.980073
"Luxembourg","LUX",2011,3.901145
"Luxembourg","LUX",2012,3.822217
"Luxembourg","LUX",2013,3.8844715
"Luxembourg","LUX",2014,3.946726
"Luxembourg","LUX",2015,4.0830675
"Luxembourg","LUX",2016,4.219409
"Luxembourg","LUX",2017,3.9247035
"Luxembourg","LUX",2018,3.629998
"Madagascar","MDG",2007,2.24339221546784
"Madagascar","MDG",2008,2.45046660773392
"Madagascar","MDG",2009,2.45046660773392
"Madagascar","MDG",2010,2.657541
"Madagascar","MDG",2011,2.69062
"Madagascar","MDG",2012,2.723699
"Madagascar","MDG",2013,2.553024
"Madagascar","MDG",2014,2.382349
"Madagascar","MDG",2015,2.268494
"Madagascar","MDG",2016,2.154639
"Madagascar","MDG",2017,2.272025
"Madagascar","MDG",2018,2.389411
"Malawi","MWI",2007,2.41953308666851
"Malawi","MWI",2008,2.41953308666851
"Malawi","MWI",2009,2.41953308666851
"Malawi","MWI",2010,NA
"Malawi","MWI",2011,2.807967
"Malawi","MWI",2012,2.807967
"Malawi","MWI",2013,2.810498
"Malawi","MWI",2014,2.813029
"Malawi","MWI",2015,2.813029
"Malawi","MWI",2016,NA
"Malawi","MWI",2017,2.585645
"Malawi","MWI",2018,2.585645
"Malaysia","MYS",2007,3.48023355782652
"Malaysia","MYS",2008,3.46060527891326
"Malaysia","MYS",2009,3.46060527891326
"Malaysia","MYS",2010,3.440977
"Malaysia","MYS",2011,3.4675095
"Malaysia","MYS",2012,3.494042
"Malaysia","MYS",2013,3.5422335
"Malaysia","MYS",2014,3.590425
"Malaysia","MYS",2015,3.508366
"Malaysia","MYS",2016,3.426307
"Malaysia","MYS",2017,3.3235965
"Malaysia","MYS",2018,3.220886
"Maldives","MDV",2007,NA
"Maldives","MDV",2008,2.403898
"Maldives","MDV",2009,2.403898
"Maldives","MDV",2010,2.403898
"Maldives","MDV",2011,2.4745625
"Maldives","MDV",2012,2.545227
"Maldives","MDV",2013,2.6463855
"Maldives","MDV",2014,2.747544
"Maldives","MDV",2015,2.6303105
"Maldives","MDV",2016,2.513077
"Maldives","MDV",2017,2.589274
"Maldives","MDV",2018,2.665471
"Mali","MLI",2007,2.29402012855023
"Mali","MLI",2008,2.28106106427511
"Mali","MLI",2009,2.28106106427511
"Mali","MLI",2010,2.268102
"Mali","MLI",2011,2.268102
"Mali","MLI",2012,NA
"Mali","MLI",2013,2.495227
"Mali","MLI",2014,2.495227
"Mali","MLI",2015,2.49915
"Mali","MLI",2016,2.503073
"Mali","MLI",2017,2.546669
"Mali","MLI",2018,2.590265
"Malta","MLT",2007,NA
"Malta","MLT",2008,2.82433
"Malta","MLT",2009,2.82433
"Malta","MLT",2010,2.82433
"Malta","MLT",2011,2.9910325
"Malta","MLT",2012,3.157735
"Malta","MLT",2013,3.132005
"Malta","MLT",2014,3.106275
"Malta","MLT",2015,3.0877655
"Malta","MLT",2016,3.069256
"Malta","MLT",2017,2.94152
"Malta","MLT",2018,2.813784
"Mauritania","MRT",2007,2.63042478903395
"Mauritania","MRT",2008,2.63042478903395
"Mauritania","MRT",2009,2.63042478903395
"Mauritania","MRT",2010,NA
"Mauritania","MRT",2011,2.396732
"Mauritania","MRT",2012,2.396732
"Mauritania","MRT",2013,2.3128205
"Mauritania","MRT",2014,2.228909
"Mauritania","MRT",2015,2.047455
"Mauritania","MRT",2016,1.866001
"Mauritania","MRT",2017,2.098536
"Mauritania","MRT",2018,2.331071
"Mauritius","MUS",2007,2.13180088110357
"Mauritius","MUS",2008,2.42643444055178
"Mauritius","MUS",2009,2.42643444055178
"Mauritius","MUS",2010,2.721068
"Mauritius","MUS",2011,2.769969
"Mauritius","MUS",2012,2.81887
"Mauritius","MUS",2013,2.6668945
"Mauritius","MUS",2014,2.514919
"Mauritius","MUS",2015,2.514919
"Mauritius","MUS",2016,NA
"Mauritius","MUS",2017,2.732952
"Mauritius","MUS",2018,2.732952
"Mexico","MEX",2007,2.86805457440541
"Mexico","MEX",2008,2.95770178720271
"Mexico","MEX",2009,2.95770178720271
"Mexico","MEX",2010,3.047349
"Mexico","MEX",2011,3.055033
"Mexico","MEX",2012,3.062717
"Mexico","MEX",2013,3.095518
"Mexico","MEX",2014,3.128319
"Mexico","MEX",2015,3.121175
"Mexico","MEX",2016,3.114031
"Mexico","MEX",2017,3.082703
"Mexico","MEX",2018,3.051375
"Moldova","MDA",2007,2.31142874387714
"Moldova","MDA",2008,2.44235687193857
"Moldova","MDA",2009,2.44235687193857
"Moldova","MDA",2010,2.573285
"Moldova","MDA",2011,2.451776
"Moldova","MDA",2012,2.330267
"Moldova","MDA",2013,2.491789
"Moldova","MDA",2014,2.653311
"Moldova","MDA",2015,2.63379
"Moldova","MDA",2016,2.614269
"Moldova","MDA",2017,2.5350885
"Moldova","MDA",2018,2.455908
"Mongolia","MNG",2007,2.0849051896089
"Mongolia","MNG",2008,2.16769059480445
"Mongolia","MNG",2009,2.16769059480445
"Mongolia","MNG",2010,2.250476
"Mongolia","MNG",2011,2.250368
"Mongolia","MNG",2012,2.25026
"Mongolia","MNG",2013,2.302934
"Mongolia","MNG",2014,2.355608
"Mongolia","MNG",2015,2.430832
"Mongolia","MNG",2016,2.506056
"Mongolia","MNG",2017,2.439665
"Mongolia","MNG",2018,2.373274
"Montenegro","MNE",2007,NA
"Montenegro","MNE",2008,2.430895
"Montenegro","MNE",2009,2.430895
"Montenegro","MNE",2010,2.430895
"Montenegro","MNE",2011,2.439486
"Montenegro","MNE",2012,2.448077
"Montenegro","MNE",2013,2.6617985
"Montenegro","MNE",2014,2.87552
"Montenegro","MNE",2015,2.627768
"Montenegro","MNE",2016,2.380016
"Montenegro","MNE",2017,2.562824
"Montenegro","MNE",2018,2.745632
"Morocco","MAR",2007,2.38350355614073
"Morocco","MAR",2008,2.38350355614073
"Morocco","MAR",2009,2.38350355614073
"Morocco","MAR",2010,NA
"Morocco","MAR",2011,3.031835
"Morocco","MAR",2012,3.031835
"Morocco","MAR",2013,3.031835
"Morocco","MAR",2014,NA
"Morocco","MAR",2015,2.665994
"Morocco","MAR",2016,2.665994
"Morocco","MAR",2017,2.6028275
"Morocco","MAR",2018,2.539661
"Mozambique","MOZ",2007,2.29382649732036
"Mozambique","MOZ",2008,2.29338574866018
"Mozambique","MOZ",2009,2.29338574866018
"Mozambique","MOZ",2010,2.292945
"Mozambique","MOZ",2011,2.292945
"Mozambique","MOZ",2012,NA
"Mozambique","MOZ",2013,2.228925
"Mozambique","MOZ",2014,2.228925
"Mozambique","MOZ",2015,2.456515
"Mozambique","MOZ",2016,2.684105
"Mozambique","MOZ",2017,2.684105
"Mozambique","MOZ",2018,NA
"Myanmar (Burma)","MMR",2007,1.86203917447647
"Myanmar (Burma)","MMR",2008,2.09532108723824
"Myanmar (Burma)","MMR",2009,2.09532108723824
"Myanmar (Burma)","MMR",2010,2.328603
"Myanmar (Burma)","MMR",2011,2.3484115
"Myanmar (Burma)","MMR",2012,2.36822
"Myanmar (Burma)","MMR",2013,2.3090645
"Myanmar (Burma)","MMR",2014,2.249909
"Myanmar (Burma)","MMR",2015,2.35424
"Myanmar (Burma)","MMR",2016,2.458571
"Myanmar (Burma)","MMR",2017,2.3781525
"Myanmar (Burma)","MMR",2018,2.297734
"Namibia","NAM",2007,2.15876260410649
"Namibia","NAM",2008,2.08957880205324
"Namibia","NAM",2009,2.08957880205324
"Namibia","NAM",2010,2.020395
"Namibia","NAM",2011,2.336714
"Namibia","NAM",2012,2.653033
"Namibia","NAM",2013,2.655458
"Namibia","NAM",2014,2.657883
"Namibia","NAM",2015,2.701314
"Namibia","NAM",2016,2.744745
"Namibia","NAM",2017,2.744745
"Namibia","NAM",2018,NA
"Nepal","NPL",2007,2.13759325207385
"Nepal","NPL",2008,2.17042912603692
"Nepal","NPL",2009,2.17042912603692
"Nepal","NPL",2010,2.203265
"Nepal","NPL",2011,2.119352
"Nepal","NPL",2012,2.035439
"Nepal","NPL",2013,2.3116725
"Nepal","NPL",2014,2.587906
"Nepal","NPL",2015,2.4823445
"Nepal","NPL",2016,2.376783
"Nepal","NPL",2017,2.4449025
"Nepal","NPL",2018,2.513022
"Netherlands","NLD",2007,4.17769514881124
"Netherlands","NLD",2008,4.12315507440562
"Netherlands","NLD",2009,4.12315507440562
"Netherlands","NLD",2010,4.068615
"Netherlands","NLD",2011,4.045093
"Netherlands","NLD",2012,4.021571
"Netherlands","NLD",2013,4.0346765
"Netherlands","NLD",2014,4.047782
"Netherlands","NLD",2015,4.117656
"Netherlands","NLD",2016,4.18753
"Netherlands","NLD",2017,4.1033995
"Netherlands","NLD",2018,4.019269
"New Zealand","NZL",2007,3.74816187815232
"New Zealand","NZL",2008,3.69814743907616
"New Zealand","NZL",2009,3.69814743907616
"New Zealand","NZL",2010,3.648133
"New Zealand","NZL",2011,3.5342365
"New Zealand","NZL",2012,3.42034
"New Zealand","NZL",2013,3.532116
"New Zealand","NZL",2014,3.643892
"New Zealand","NZL",2015,3.515946
"New Zealand","NZL",2016,3.388
"New Zealand","NZL",2017,3.631822
"New Zealand","NZL",2018,3.875644
"Nicaragua","NIC",2007,2.21394777619081
"Nicaragua","NIC",2008,2.37528638809541
"Nicaragua","NIC",2009,2.37528638809541
"Nicaragua","NIC",2010,2.536625
"Nicaragua","NIC",2011,2.536625
"Nicaragua","NIC",2012,NA
"Nicaragua","NIC",2013,2.653283
"Nicaragua","NIC",2014,2.653283
"Nicaragua","NIC",2015,2.5921725
"Nicaragua","NIC",2016,2.531062
"Nicaragua","NIC",2017,2.531062
"Nicaragua","NIC",2018,NA
"Niger","NER",2007,1.97186338624223
"Niger","NER",2008,2.25564419312111
"Niger","NER",2009,2.25564419312111
"Niger","NER",2010,2.539425
"Niger","NER",2011,2.6158105
"Niger","NER",2012,2.692196
"Niger","NER",2013,2.5427975
"Niger","NER",2014,2.393399
"Niger","NER",2015,2.477675
"Niger","NER",2016,2.561951
"Niger","NER",2017,2.3159505
"Niger","NER",2018,2.06995
"Nigeria","NGA",2007,2.39631173242988
"Nigeria","NGA",2008,2.49194086621494
"Nigeria","NGA",2009,2.49194086621494
"Nigeria","NGA",2010,2.58757
"Nigeria","NGA",2011,2.517146
"Nigeria","NGA",2012,2.446722
"Nigeria","NGA",2013,2.62775
"Nigeria","NGA",2014,2.808778
"Nigeria","NGA",2015,2.718434
"Nigeria","NGA",2016,2.62809
"Nigeria","NGA",2017,2.5800875
"Nigeria","NGA",2018,2.532085
"North Macedonia","MKD",2007,2.43414368998798
"North Macedonia","MKD",2008,2.60383484499399
"North Macedonia","MKD",2009,2.60383484499399
"North Macedonia","MKD",2010,2.773526
"North Macedonia","MKD",2011,2.6691405
"North Macedonia","MKD",2012,2.564755
"North Macedonia","MKD",2013,2.531946
"North Macedonia","MKD",2014,2.499137
"North Macedonia","MKD",2015,2.5046995
"North Macedonia","MKD",2016,2.510262
"North Macedonia","MKD",2017,2.6075785
"North Macedonia","MKD",2018,2.704895
"Norway","NOR",2007,3.80967197498219
"Norway","NOR",2008,3.8713344874911
"Norway","NOR",2009,3.8713344874911
"Norway","NOR",2010,3.932997
"Norway","NOR",2011,3.80872
"Norway","NOR",2012,3.684443
"Norway","NOR",2013,3.821343
"Norway","NOR",2014,3.958243
"Norway","NOR",2015,3.845203
"Norway","NOR",2016,3.732163
"Norway","NOR",2017,3.714393
"Norway","NOR",2018,3.696623
"Oman","OMN",2007,2.92321381131098
"Oman","OMN",2008,2.88133440565549
"Oman","OMN",2009,2.88133440565549
"Oman","OMN",2010,2.839455
"Oman","OMN",2011,2.863473
"Oman","OMN",2012,2.887491
"Oman","OMN",2013,2.9412585
"Oman","OMN",2014,2.995026
"Oman","OMN",2015,3.114667
"Oman","OMN",2016,3.234308
"Oman","OMN",2017,3.215573
"Oman","OMN",2018,3.196838
"Pakistan","PAK",2007,2.61855361952237
"Pakistan","PAK",2008,2.57440430976119
"Pakistan","PAK",2009,2.57440430976119
"Pakistan","PAK",2010,2.530255
"Pakistan","PAK",2011,2.6779345
"Pakistan","PAK",2012,2.825614
"Pakistan","PAK",2013,2.82552
"Pakistan","PAK",2014,2.825426
"Pakistan","PAK",2015,2.8743225
"Pakistan","PAK",2016,2.923219
"Pakistan","PAK",2017,2.671208
"Pakistan","PAK",2018,2.419197
"Panama","PAN",2007,2.8887168461682
"Panama","PAN",2008,2.9563844230841
"Panama","PAN",2009,2.9563844230841
"Panama","PAN",2010,3.024052
"Panama","PAN",2011,2.9753345
"Panama","PAN",2012,2.926617
"Panama","PAN",2013,3.0601755
"Panama","PAN",2014,3.193734
"Panama","PAN",2015,3.2657885
"Panama","PAN",2016,3.337843
"Panama","PAN",2017,3.3069125
"Panama","PAN",2018,3.275982
"Papua New Guinea","PNG",2007,2.38073052880811
"Papua New Guinea","PNG",2008,2.39567326440406
"Papua New Guinea","PNG",2009,2.39567326440406
"Papua New Guinea","PNG",2010,2.410616
"Papua New Guinea","PNG",2011,2.392927
"Papua New Guinea","PNG",2012,2.375238
"Papua New Guinea","PNG",2013,2.402668
"Papua New Guinea","PNG",2014,2.430098
"Papua New Guinea","PNG",2015,2.470361
"Papua New Guinea","PNG",2016,2.510624
"Papua New Guinea","PNG",2017,2.3423625
"Papua New Guinea","PNG",2018,2.174101
"Paraguay","PRY",2007,2.56940311543959
"Paraguay","PRY",2008,2.66143605771979
"Paraguay","PRY",2009,2.66143605771979
"Paraguay","PRY",2010,2.753469
"Paraguay","PRY",2011,2.6180095
"Paraguay","PRY",2012,2.48255
"Paraguay","PRY",2013,2.631142
"Paraguay","PRY",2014,2.779734
"Paraguay","PRY",2015,2.6705355
"Paraguay","PRY",2016,2.561337
"Paraguay","PRY",2017,2.671818
"Paraguay","PRY",2018,2.782299
"Peru","PER",2007,2.76845558522561
"Peru","PER",2008,2.78522629261281
"Peru","PER",2009,2.78522629261281
"Peru","PER",2010,2.801997
"Peru","PER",2011,2.868513
"Peru","PER",2012,2.935029
"Peru","PER",2013,2.887857
"Peru","PER",2014,2.840685
"Peru","PER",2015,2.867037
"Peru","PER",2016,2.893389
"Peru","PER",2017,2.793319
"Peru","PER",2018,2.693249
"Philippines","PHL",2007,2.68923836051922
"Philippines","PHL",2008,2.91558568025961
"Philippines","PHL",2009,2.91558568025961
"Philippines","PHL",2010,3.141933
"Philippines","PHL",2011,3.0833985
"Philippines","PHL",2012,3.024864
"Philippines","PHL",2013,3.014354
"Philippines","PHL",2014,3.003844
"Philippines","PHL",2015,2.9300515
"Philippines","PHL",2016,2.856259
"Philippines","PHL",2017,2.879958
"Philippines","PHL",2018,2.903657
"Poland","POL",2007,3.03800264090729
"Poland","POL",2008,3.23663682045364
"Poland","POL",2009,3.23663682045364
"Poland","POL",2010,3.435271
"Poland","POL",2011,3.4332975
"Poland","POL",2012,3.431324
"Poland","POL",2013,3.4625765
"Poland","POL",2014,3.493829
"Poland","POL",2015,3.459853
"Poland","POL",2016,3.425877
"Poland","POL",2017,3.482705
"Poland","POL",2018,3.539533
"Portugal","PRT",2007,3.38060689540363
"Portugal","PRT",2008,3.35782344770181
"Portugal","PRT",2009,3.35782344770181
"Portugal","PRT",2010,3.33504
"Portugal","PRT",2011,3.4189355
"Portugal","PRT",2012,3.502831
"Portugal","PRT",2013,3.5315575
"Portugal","PRT",2014,3.560284
"Portugal","PRT",2015,3.4848255
"Portugal","PRT",2016,3.409367
"Portugal","PRT",2017,3.5262755
"Portugal","PRT",2018,3.643184
"Qatar","QAT",2007,2.97632683050593
"Qatar","QAT",2008,2.96324341525297
"Qatar","QAT",2009,2.96324341525297
"Qatar","QAT",2010,2.95016
"Qatar","QAT",2011,3.135784
"Qatar","QAT",2012,3.321408
"Qatar","QAT",2013,3.4190325
"Qatar","QAT",2014,3.516657
"Qatar","QAT",2015,3.5579445
"Qatar","QAT",2016,3.599232
"Qatar","QAT",2017,3.5367185
"Qatar","QAT",2018,3.474205
"Romania","ROU",2007,2.90712012312556
"Romania","ROU",2008,2.87417456156278
"Romania","ROU",2009,2.87417456156278
"Romania","ROU",2010,2.841229
"Romania","ROU",2011,2.9181325
"Romania","ROU",2012,2.995036
"Romania","ROU",2013,3.1280955
"Romania","ROU",2014,3.261155
"Romania","ROU",2015,3.1271375
"Romania","ROU",2016,2.99312
"Romania","ROU",2017,3.0558605
"Romania","ROU",2018,3.118601
"Russia","RUS",2007,2.36838131013253
"Russia","RUS",2008,2.48847665506626
"Russia","RUS",2009,2.48847665506626
"Russia","RUS",2010,2.608572
"Russia","RUS",2011,2.596767
"Russia","RUS",2012,2.584962
"Russia","RUS",2013,2.6397205
"Russia","RUS",2014,2.694479
"Russia","RUS",2015,2.6326715
"Russia","RUS",2016,2.570864
"Russia","RUS",2017,2.6638765
"Russia","RUS",2018,2.756889
"Rwanda","RWA",2007,1.77481821782006
"Rwanda","RWA",2008,1.90675260891003
"Rwanda","RWA",2009,1.90675260891003
"Rwanda","RWA",2010,2.038687
"Rwanda","RWA",2011,2.152876
"Rwanda","RWA",2012,2.267065
"Rwanda","RWA",2013,2.5130905
"Rwanda","RWA",2014,2.759116
"Rwanda","RWA",2015,2.8726725
"Rwanda","RWA",2016,2.986229
"Rwanda","RWA",2017,2.980493
"Rwanda","RWA",2018,2.974757
"Saudi Arabia","SAU",2007,3.01902162050194
"Saudi Arabia","SAU",2008,3.11989581025097
"Saudi Arabia","SAU",2009,3.11989581025097
"Saudi Arabia","SAU",2010,3.22077
"Saudi Arabia","SAU",2011,3.1993045
"Saudi Arabia","SAU",2012,3.177839
"Saudi Arabia","SAU",2013,3.163138
"Saudi Arabia","SAU",2014,3.148437
"Saudi Arabia","SAU",2015,3.1524065
"Saudi Arabia","SAU",2016,3.156376
"Saudi Arabia","SAU",2017,3.0837085
"Saudi Arabia","SAU",2018,3.011041
"Senegal","SEN",2007,2.36648356113631
"Senegal","SEN",2008,2.61481578056816
"Senegal","SEN",2009,2.61481578056816
"Senegal","SEN",2010,2.863148
"Senegal","SEN",2011,2.677536
"Senegal","SEN",2012,2.491924
"Senegal","SEN",2013,2.557047
"Senegal","SEN",2014,2.62217
"Senegal","SEN",2015,2.4749405
"Senegal","SEN",2016,2.327711
"Senegal","SEN",2017,2.2900445
"Senegal","SEN",2018,2.252378
"Serbia","SRB",2007,NA
"Serbia","SRB",2008,2.685822
"Serbia","SRB",2009,2.685822
"Serbia","SRB",2010,2.685822
"Serbia","SRB",2011,2.7427935
"Serbia","SRB",2012,2.799765
"Serbia","SRB",2013,2.8811605
"Serbia","SRB",2014,2.962556
"Serbia","SRB",2015,2.8625665
"Serbia","SRB",2016,2.762577
"Serbia","SRB",2017,2.801765
"Serbia","SRB",2018,2.840953
"Sierra Leone","SLE",2007,1.95436433725536
"Sierra Leone","SLE",2008,1.96238866862768
"Sierra Leone","SLE",2009,1.96238866862768
"Sierra Leone","SLE",2010,1.970413
"Sierra Leone","SLE",2011,2.024764
"Sierra Leone","SLE",2012,2.079115
"Sierra Leone","SLE",2013,2.079115
"Sierra Leone","SLE",2014,NA
"Sierra Leone","SLE",2015,2.025402
"Sierra Leone","SLE",2016,2.025402
"Sierra Leone","SLE",2017,2.0517175
"Sierra Leone","SLE",2018,2.078033
"Singapore","SGP",2007,4.19033576483555
"Singapore","SGP",2008,4.14021038241778
"Singapore","SGP",2009,4.14021038241778
"Singapore","SGP",2010,4.090085
"Singapore","SGP",2011,4.107949
"Singapore","SGP",2012,4.125813
"Singapore","SGP",2013,4.0651305
"Singapore","SGP",2014,4.004448
"Singapore","SGP",2015,4.07404
"Singapore","SGP",2016,4.143632
"Singapore","SGP",2017,4.0698755
"Singapore","SGP",2018,3.996119
"Slovakia","SVK",2007,2.91861505602304
"Slovakia","SVK",2008,3.07972202801152
"Slovakia","SVK",2009,3.07972202801152
"Slovakia","SVK",2010,3.240829
"Slovakia","SVK",2011,3.1351015
"Slovakia","SVK",2012,3.029374
"Slovakia","SVK",2013,3.1419535
"Slovakia","SVK",2014,3.254533
"Slovakia","SVK",2015,3.295714
"Slovakia","SVK",2016,3.336895
"Slovakia","SVK",2017,3.1820125
"Slovakia","SVK",2018,3.02713
"Slovenia","SVN",2007,3.14129743379553
"Slovenia","SVN",2008,3.00767621689777
"Slovenia","SVN",2009,3.00767621689777
"Slovenia","SVN",2010,2.874055
"Slovenia","SVN",2011,3.079972
"Slovenia","SVN",2012,3.285889
"Slovenia","SVN",2013,3.3345805
"Slovenia","SVN",2014,3.383272
"Slovenia","SVN",2015,3.28389
"Slovenia","SVN",2016,3.184508
"Slovenia","SVN",2017,3.249644
"Slovenia","SVN",2018,3.31478
"Solomon Islands","SLB",2007,2.08317500087752
"Solomon Islands","SLB",2008,2.19638250043876
"Solomon Islands","SLB",2009,2.19638250043876
"Solomon Islands","SLB",2010,2.30959
"Solomon Islands","SLB",2011,2.3614025
"Solomon Islands","SLB",2012,2.413215
"Solomon Islands","SLB",2013,2.5003715
"Solomon Islands","SLB",2014,2.587528
"Solomon Islands","SLB",2015,2.5024245
"Solomon Islands","SLB",2016,2.417321
"Solomon Islands","SLB",2017,2.4942805
"Solomon Islands","SLB",2018,2.57124
"Somalia","SOM",2007,2.15875309906716
"Somalia","SOM",2008,1.74856304953358
"Somalia","SOM",2009,1.74856304953358
"Somalia","SOM",2010,1.338373
"Somalia","SOM",2011,1.338373
"Somalia","SOM",2012,NA
"Somalia","SOM",2013,1.773126
"Somalia","SOM",2014,1.773126
"Somalia","SOM",2015,1.760112
"Somalia","SOM",2016,1.747098
"Somalia","SOM",2017,1.9778875
"Somalia","SOM",2018,2.208677
"South Africa","ZAF",2007,3.53358887405273
"South Africa","ZAF",2008,3.49514843702636
"South Africa","ZAF",2009,3.49514843702636
"South Africa","ZAF",2010,3.456708
"South Africa","ZAF",2011,3.5640125
"South Africa","ZAF",2012,3.671317
"South Africa","ZAF",2013,3.5512805
"South Africa","ZAF",2014,3.431244
"South Africa","ZAF",2015,3.6032825
"South Africa","ZAF",2016,3.775321
"South Africa","ZAF",2017,3.5757155
"South Africa","ZAF",2018,3.37611
"South Korea","KOR",2007,3.52007379440967
"South Korea","KOR",2008,3.57863539720483
"South Korea","KOR",2009,3.57863539720483
"South Korea","KOR",2010,3.637197
"South Korea","KOR",2011,3.666313
"South Korea","KOR",2012,3.695429
"South Korea","KOR",2013,3.6808335
"South Korea","KOR",2014,3.666238
"South Korea","KOR",2015,3.691682
"South Korea","KOR",2016,3.717126
"South Korea","KOR",2017,3.664645
"South Korea","KOR",2018,3.612164
"Spain","ESP",2007,3.51890929130495
"Spain","ESP",2008,3.57224264565247
"Spain","ESP",2009,3.57224264565247
"Spain","ESP",2010,3.625576
"Spain","ESP",2011,3.6626505
"Spain","ESP",2012,3.699725
"Spain","ESP",2013,3.7091805
"Spain","ESP",2014,3.718636
"Spain","ESP",2015,3.723024
"Spain","ESP",2016,3.727412
"Spain","ESP",2017,3.779374
"Spain","ESP",2018,3.831336
"Sri Lanka","LKA",2007,2.39961161051418
"Sri Lanka","LKA",2008,2.34401280525709
"Sri Lanka","LKA",2009,2.34401280525709
"Sri Lanka","LKA",2010,2.288414
"Sri Lanka","LKA",2011,2.5194175
"Sri Lanka","LKA",2012,2.750421
"Sri Lanka","LKA",2013,2.72283
"Sri Lanka","LKA",2014,2.695239
"Sri Lanka","LKA",2015,2.695239
"Sri Lanka","LKA",2016,NA
"Sri Lanka","LKA",2017,2.597928
"Sri Lanka","LKA",2018,2.597928
"Sudan","SDN",2007,2.71080244325678
"Sudan","SDN",2008,2.45839122162839
"Sudan","SDN",2009,2.45839122162839
"Sudan","SDN",2010,2.20598
"Sudan","SDN",2011,2.154722
"Sudan","SDN",2012,2.103464
"Sudan","SDN",2013,2.132209
"Sudan","SDN",2014,2.160954
"Sudan","SDN",2015,2.345681
"Sudan","SDN",2016,2.530408
"Sudan","SDN",2017,2.478991
"Sudan","SDN",2018,2.427574
"Sweden","SWE",2007,4.0753834485627
"Sweden","SWE",2008,4.07547972428135
"Sweden","SWE",2009,4.07547972428135
"Sweden","SWE",2010,4.075576
"Sweden","SWE",2011,3.962818
"Sweden","SWE",2012,3.85006
"Sweden","SWE",2013,3.9057045
"Sweden","SWE",2014,3.961349
"Sweden","SWE",2015,4.082971
"Sweden","SWE",2016,4.204593
"Sweden","SWE",2017,4.128749
"Sweden","SWE",2018,4.052905
"Switzerland","CHE",2007,4.01619638334611
"Switzerland","CHE",2008,3.99550519167306
"Switzerland","CHE",2009,3.99550519167306
"Switzerland","CHE",2010,3.974814
"Switzerland","CHE",2011,3.8889755
"Switzerland","CHE",2012,3.803137
"Switzerland","CHE",2013,3.823553
"Switzerland","CHE",2014,3.843969
"Switzerland","CHE",2015,3.9155635
"Switzerland","CHE",2016,3.987158
"Switzerland","CHE",2017,3.944265
"Switzerland","CHE",2018,3.901372
"Syria","SYR",2007,2.08922780992556
"Syria","SYR",2008,2.41468590496278
"Syria","SYR",2009,2.41468590496278
"Syria","SYR",2010,2.740144
"Syria","SYR",2011,2.6720025
"Syria","SYR",2012,2.603861
"Syria","SYR",2013,2.3473915
"Syria","SYR",2014,2.090922
"Syria","SYR",2015,1.844622
"Syria","SYR",2016,1.598322
"Syria","SYR",2017,1.9469315
"Syria","SYR",2018,2.295541
"Taiwan","TWN",2007,3.64074244133812
"Taiwan","TWN",2008,3.67318172066906
"Taiwan","TWN",2009,3.67318172066906
"Taiwan","TWN",2010,3.705621
"Taiwan","TWN",2011,3.7063705
"Taiwan","TWN",2012,3.70712
"Taiwan","TWN",2013,3.7121625
"Taiwan","TWN",2014,3.717205
"Taiwan","TWN",2015,3.7073995
"Taiwan","TWN",2016,3.697594
"Taiwan","TWN",2017,3.648658
"Taiwan","TWN",2018,3.599722
"Tajikistan","TJK",2007,1.93332343904001
"Tajikistan","TJK",2008,2.13997471952
"Tajikistan","TJK",2009,2.13997471952
"Tajikistan","TJK",2010,2.346626
"Tajikistan","TJK",2011,2.3151525
"Tajikistan","TJK",2012,2.283679
"Tajikistan","TJK",2013,2.405549
"Tajikistan","TJK",2014,2.527419
"Tajikistan","TJK",2015,2.295081
"Tajikistan","TJK",2016,2.062743
"Tajikistan","TJK",2017,2.2011505
"Tajikistan","TJK",2018,2.339558
"Tanzania","TZA",2007,2.0837034810645
"Tanzania","TZA",2008,2.34160874053225
"Tanzania","TZA",2009,2.34160874053225
"Tanzania","TZA",2010,2.599514
"Tanzania","TZA",2011,2.6265975
"Tanzania","TZA",2012,2.653681
"Tanzania","TZA",2013,2.4922575
"Tanzania","TZA",2014,2.330834
"Tanzania","TZA",2015,2.6605095
"Tanzania","TZA",2016,2.990185
"Tanzania","TZA",2017,2.990185
"Tanzania","TZA",2018,NA
"Thailand","THA",2007,3.31144415561949
"Thailand","THA",2008,3.30185757780975
"Thailand","THA",2009,3.30185757780975
"Thailand","THA",2010,3.292271
"Thailand","THA",2011,3.2342115
"Thailand","THA",2012,3.176152
"Thailand","THA",2013,3.302866
"Thailand","THA",2014,3.42958
"Thailand","THA",2015,3.34234
"Thailand","THA",2016,3.2551
"Thailand","THA",2017,3.333079
"Thailand","THA",2018,3.411058
"Timor-Leste","TLS",2007,1.71177373606909
"Timor-Leste","TLS",2008,1.71177373606909
"Timor-Leste","TLS",2009,1.71177373606909
"Timor-Leste","TLS",2010,NA
"Timor-Leste","TLS",2011,NA
"Timor-Leste","TLS",2012,NA
"Timor-Leste","TLS",2013,NA
"Timor-Leste","TLS",2014,NA
"Timor-Leste","TLS",2015,NA
"Timor-Leste","TLS",2016,NA
"Timor-Leste","TLS",2017,NA
"Timor-Leste","TLS",2018,NA
"Togo","TGO",2007,2.24580242187044
"Togo","TGO",2008,2.42260971093522
"Togo","TGO",2009,2.42260971093522
"Togo","TGO",2010,2.599417
"Togo","TGO",2011,2.5892915
"Togo","TGO",2012,2.579166
"Togo","TGO",2013,2.448813
"Togo","TGO",2014,2.31846
"Togo","TGO",2015,2.468119
"Togo","TGO",2016,2.617778
"Togo","TGO",2017,2.5326195
"Togo","TGO",2018,2.447461
"Trinidad & Tobago","TTO",2007,NA
"Trinidad & Tobago","TTO",2008,NA
"Trinidad & Tobago","TTO",2009,NA
"Trinidad & Tobago","TTO",2010,NA
"Trinidad & Tobago","TTO",2011,NA
"Trinidad & Tobago","TTO",2012,NA
"Trinidad & Tobago","TTO",2013,NA
"Trinidad & Tobago","TTO",2014,NA
"Trinidad & Tobago","TTO",2015,2.398418
"Trinidad & Tobago","TTO",2016,2.398418
"Trinidad & Tobago","TTO",2017,2.40703
"Trinidad & Tobago","TTO",2018,2.415642
"Tunisia","TUN",2007,2.76442007141136
"Tunisia","TUN",2008,2.79994953570568
"Tunisia","TUN",2009,2.79994953570568
"Tunisia","TUN",2010,2.835479
"Tunisia","TUN",2011,3.0020375
"Tunisia","TUN",2012,3.168596
"Tunisia","TUN",2013,2.859796
"Tunisia","TUN",2014,2.550996
"Tunisia","TUN",2015,2.523842
"Tunisia","TUN",2016,2.496688
"Tunisia","TUN",2017,2.5331175
"Tunisia","TUN",2018,2.569547
"Turkey","TUR",2007,3.15455777838444
"Turkey","TUR",2008,3.18897338919222
"Turkey","TUR",2009,3.18897338919222
"Turkey","TUR",2010,3.223389
"Turkey","TUR",2011,3.366426
"Turkey","TUR",2012,3.509463
"Turkey","TUR",2013,3.504844
"Turkey","TUR",2014,3.500225
"Turkey","TUR",2015,3.461959
"Turkey","TUR",2016,3.423693
"Turkey","TUR",2017,3.284751
"Turkey","TUR",2018,3.145809
"Turkmenistan","TKM",2007,NA
"Turkmenistan","TKM",2008,2.491292
"Turkmenistan","TKM",2009,2.491292
"Turkmenistan","TKM",2010,2.491292
"Turkmenistan","TKM",2011,2.491292
"Turkmenistan","TKM",2012,NA
"Turkmenistan","TKM",2013,2.30495
"Turkmenistan","TKM",2014,2.30495
"Turkmenistan","TKM",2015,2.258173
"Turkmenistan","TKM",2016,2.211396
"Turkmenistan","TKM",2017,2.3106
"Turkmenistan","TKM",2018,2.409804
"Uganda","UGA",2007,2.4905074597925
"Uganda","UGA",2008,2.65400622989625
"Uganda","UGA",2009,2.65400622989625
"Uganda","UGA",2010,2.817505
"Uganda","UGA",2011,2.817505
"Uganda","UGA",2012,NA
"Uganda","UGA",2013,NA
"Uganda","UGA",2014,NA
"Uganda","UGA",2015,3.043284
"Uganda","UGA",2016,3.043284
"Uganda","UGA",2017,2.8093445
"Uganda","UGA",2018,2.575405
"Ukraine","UKR",2007,2.55395050142138
"Ukraine","UKR",2008,2.56438725071069
"Ukraine","UKR",2009,2.56438725071069
"Ukraine","UKR",2010,2.574824
"Ukraine","UKR",2011,2.7146175
"Ukraine","UKR",2012,2.854411
"Ukraine","UKR",2013,2.9154275
"Ukraine","UKR",2014,2.976444
"Ukraine","UKR",2015,2.8565635
"Ukraine","UKR",2016,2.736683
"Ukraine","UKR",2017,2.7834305
"Ukraine","UKR",2018,2.830178
"United Arab Emirates","ARE",2007,3.72758075226819
"United Arab Emirates","ARE",2008,3.6789603761341
"United Arab Emirates","ARE",2009,3.6789603761341
"United Arab Emirates","ARE",2010,3.63034
"United Arab Emirates","ARE",2011,3.70439
"United Arab Emirates","ARE",2012,3.77844
"United Arab Emirates","ARE",2013,3.658769
"United Arab Emirates","ARE",2014,3.539098
"United Arab Emirates","ARE",2015,3.7404325
"United Arab Emirates","ARE",2016,3.941767
"United Arab Emirates","ARE",2017,3.949102
"United Arab Emirates","ARE",2018,3.956437
"United Kingdom","GBR",2007,3.99336174842211
"United Kingdom","GBR",2008,3.97390537421106
"United Kingdom","GBR",2009,3.97390537421106
"United Kingdom","GBR",2010,3.954449
"United Kingdom","GBR",2011,3.9263825
"United Kingdom","GBR",2012,3.898316
"United Kingdom","GBR",2013,3.9564825
"United Kingdom","GBR",2014,4.014649
"United Kingdom","GBR",2015,4.042159
"United Kingdom","GBR",2016,4.069669
"United Kingdom","GBR",2017,4.028363
"United Kingdom","GBR",2018,3.987057
"United States","USA",2007,3.84367150068073
"United States","USA",2008,3.84974125034037
"United States","USA",2009,3.84974125034037
"United States","USA",2010,3.855811
"United States","USA",2011,3.892937
"United States","USA",2012,3.930063
"United States","USA",2013,3.923944
"United States","USA",2014,3.917825
"United States","USA",2015,3.9549985
"United States","USA",2016,3.992172
"United States","USA",2017,3.9386505
"United States","USA",2018,3.885129
"Uruguay","URY",2007,2.50852005247596
"Uruguay","URY",2008,2.63061902623798
"Uruguay","URY",2009,2.63061902623798
"Uruguay","URY",2010,2.752718
"Uruguay","URY",2011,2.868126
"Uruguay","URY",2012,2.983534
"Uruguay","URY",2013,2.8310915
"Uruguay","URY",2014,2.678649
"Uruguay","URY",2015,2.826597
"Uruguay","URY",2016,2.974545
"Uruguay","URY",2017,2.829816
"Uruguay","URY",2018,2.685087
"Uzbekistan","UZB",2007,2.15674644947742
"Uzbekistan","UZB",2008,2.47393372473871
"Uzbekistan","UZB",2009,2.47393372473871
"Uzbekistan","UZB",2010,2.791121
"Uzbekistan","UZB",2011,2.6279905
"Uzbekistan","UZB",2012,2.46486
"Uzbekistan","UZB",2013,2.429815
"Uzbekistan","UZB",2014,2.39477
"Uzbekistan","UZB",2015,2.3996475
"Uzbekistan","UZB",2016,2.404525
"Uzbekistan","UZB",2017,2.4908905
"Uzbekistan","UZB",2018,2.577256
"Venezuela","VEN",2007,2.61849072331924
"Venezuela","VEN",2008,2.64803686165962
"Venezuela","VEN",2009,2.64803686165962
"Venezuela","VEN",2010,2.677583
"Venezuela","VEN",2011,2.5835575
"Venezuela","VEN",2012,2.489532
"Venezuela","VEN",2013,2.6488215
"Venezuela","VEN",2014,2.808111
"Venezuela","VEN",2015,2.5994455
"Venezuela","VEN",2016,2.39078
"Venezuela","VEN",2017,2.309998
"Venezuela","VEN",2018,2.229216
"Vietnam","VNM",2007,2.88885458776678
"Vietnam","VNM",2008,2.92673079388339
"Vietnam","VNM",2009,2.92673079388339
"Vietnam","VNM",2010,2.964607
"Vietnam","VNM",2011,2.984541
"Vietnam","VNM",2012,3.004475
"Vietnam","VNM",2013,3.079619
"Vietnam","VNM",2014,3.154763
"Vietnam","VNM",2015,3.065696
"Vietnam","VNM",2016,2.976629
"Vietnam","VNM",2017,3.1253045
"Vietnam","VNM",2018,3.27398
"Yemen","YEM",2007,2.28992590075014
"Yemen","YEM",2008,2.43662295037507
"Yemen","YEM",2009,2.43662295037507
"Yemen","YEM",2010,2.58332
"Yemen","YEM",2011,2.7345175
"Yemen","YEM",2012,2.885715
"Yemen","YEM",2013,2.5348325
"Yemen","YEM",2014,2.18395
"Yemen","YEM",2015,2.18395
"Yemen","YEM",2016,NA
"Yemen","YEM",2017,2.265255
"Yemen","YEM",2018,2.265255
"Zambia","ZMB",2007,2.36699737640546
"Zambia","ZMB",2008,2.32565368820273
"Zambia","ZMB",2009,2.32565368820273
"Zambia","ZMB",2010,2.28431
"Zambia","ZMB",2011,2.28431
"Zambia","ZMB",2012,NA
"Zambia","ZMB",2013,2.462674
"Zambia","ZMB",2014,2.462674
"Zambia","ZMB",2015,2.4462435
"Zambia","ZMB",2016,2.429813
"Zambia","ZMB",2017,2.478063
"Zambia","ZMB",2018,2.526313
"Zimbabwe","ZWE",2007,2.28627705193601
"Zimbabwe","ZWE",2008,2.28627705193601
"Zimbabwe","ZWE",2009,2.28627705193601
"Zimbabwe","ZWE",2010,NA
"Zimbabwe","ZWE",2011,2.549114
"Zimbabwe","ZWE",2012,2.549114
"Zimbabwe","ZWE",2013,2.444197
"Zimbabwe","ZWE",2014,2.33928
"Zimbabwe","ZWE",2015,2.210844
"Zimbabwe","ZWE",2016,2.082408
"Zimbabwe","ZWE",2017,2.1012645
"Zimbabwe","ZWE",2018,2.120121
